"size","property","component","file","locations","occurrence_count","recommended_token"
"0zero","paddingTop","App","apps/web/src/app/App.tsx","663:51","1","Keep zero; no token needed"
"1.25 (unitless)","lineHeight","App","apps/web/src/app/App.tsx","430:23","1","--leading-snug"
"1.4 (unitless)","lineHeight","App","apps/web/src/app/App.tsx","454:23","1","No exact leading token; propose a role-based leading token if repeated"
"24px","paddingTop","App","apps/web/src/app/App.tsx","663:55","1","No project spacing scale; prefer matching Tailwind spacing or propose --space-*; preserve positional geometry"
"22px","size","components/AlertBanner","apps/web/src/app/components/AlertBanner.tsx","81:27","1","No general icon-glyph scale; propose --icon-size-* by role (status badge glyph tokens only for badge glyphs)"
"-4px","top","components/alerts/NotificationPopover","apps/web/src/app/components/alerts/NotificationPopover.tsx","68:34","1","No project spacing scale; prefer matching Tailwind spacing or propose --space-*; preserve positional geometry"
"-4px","right","components/alerts/NotificationPopover","apps/web/src/app/components/alerts/NotificationPopover.tsx","69:36","1","No project spacing scale; prefer matching Tailwind spacing or propose --space-*; preserve positional geometry"
"-6px","top","components/alerts/NotificationPopover","apps/web/src/app/components/alerts/NotificationPopover.tsx","68:39","1","No project spacing scale; prefer matching Tailwind spacing or propose --space-*; preserve positional geometry"
"-6px","right","components/alerts/NotificationPopover","apps/web/src/app/components/alerts/NotificationPopover.tsx","69:41","1","No project spacing scale; prefer matching Tailwind spacing or propose --space-*; preserve positional geometry"
"100vw","width","components/alerts/NotificationPopover","apps/web/src/app/components/alerts/NotificationPopover.tsx","90:38","1","Relative/em sizing; preserve layout or review component role"
"100vw","max-width","components/alerts/NotificationPopover","apps/web/src/app/components/alerts/NotificationPopover.tsx","90:64","1","Relative/em sizing; preserve layout or review component role"
"10px","sideOffset","components/alerts/NotificationPopover","apps/web/src/app/components/alerts/NotificationPopover.tsx","89:21","1","No project spacing scale; prefer matching Tailwind spacing or propose --space-*; preserve positional geometry"
"14px","size","components/alerts/NotificationPopover","apps/web/src/app/components/alerts/NotificationPopover.tsx","247:30","1","No general icon-glyph scale; propose --icon-size-* by role (status badge glyph tokens only for badge glyphs)"
"15px","size","components/alerts/NotificationPopover","apps/web/src/app/components/alerts/NotificationPopover.tsx","270:52","1","No general icon-glyph scale; propose --icon-size-* by role (status badge glyph tokens only for badge glyphs)"
"17px","size","components/alerts/NotificationPopover","apps/web/src/app/components/alerts/NotificationPopover.tsx","184:35","1","No general icon-glyph scale; propose --icon-size-* by role (status badge glyph tokens only for badge glyphs)"
"18px","height","components/alerts/NotificationPopover","apps/web/src/app/components/alerts/NotificationPopover.tsx","70:36","1","No exact role token; evaluate a component token if repeated"
"18px","minWidth","components/alerts/NotificationPopover","apps/web/src/app/components/alerts/NotificationPopover.tsx","71:38","1","No exact role token; evaluate a component token if repeated"
"2 (SVG units)","strokeWidth","components/alerts/NotificationPopover","apps/web/src/app/components/alerts/NotificationPopover.tsx","63:56","1","Vector stroke units; review icon stroke policy, not CSS px substitution"
"20px","size","components/alerts/NotificationPopover","apps/web/src/app/components/alerts/NotificationPopover.tsx","63:34","1","No general icon-glyph scale; propose --icon-size-* by role (status badge glyph tokens only for badge glyphs)"
"22px","height","components/alerts/NotificationPopover","apps/web/src/app/components/alerts/NotificationPopover.tsx","70:41","1","No exact role token; evaluate a component token if repeated"
"22px","minWidth","components/alerts/NotificationPopover","apps/web/src/app/components/alerts/NotificationPopover.tsx","71:43","1","No exact role token; evaluate a component token if repeated"
"26px","size","components/alerts/NotificationPopover","apps/web/src/app/components/alerts/NotificationPopover.tsx","63:39","1","No general icon-glyph scale; propose --icon-size-* by role (status badge glyph tokens only for badge glyphs)"
"2px","border","components/alerts/NotificationPopover","apps/web/src/app/components/alerts/NotificationPopover.tsx","78:26","1","No exact border token; propose --border-width-strong for repeated 2px strokes"
"2rem","width","components/alerts/NotificationPopover","apps/web/src/app/components/alerts/NotificationPopover.tsx","90:44","1","--control-size-sm; only for square controls"
"2rem","max-width","components/alerts/NotificationPopover","apps/web/src/app/components/alerts/NotificationPopover.tsx","90:70","1","--control-size-sm; only for square controls"
"32px","width","components/alerts/NotificationPopover","apps/web/src/app/components/alerts/NotificationPopover.tsx","178:30","1","--control-size-sm; only for square controls"
"32px","height","components/alerts/NotificationPopover","apps/web/src/app/components/alerts/NotificationPopover.tsx","179:31","1","--control-height-compact; only for matching control role"
"340px","width","components/alerts/NotificationPopover","apps/web/src/app/components/alerts/NotificationPopover.tsx","90:27","1","No exact role token; evaluate a component token if repeated"
"380px","max-height","components/alerts/NotificationPopover","apps/web/src/app/components/alerts/NotificationPopover.tsx","164:33","1","No exact role token; evaluate a component token if repeated"
"4px","padding","components/alerts/NotificationPopover","apps/web/src/app/components/alerts/NotificationPopover.tsx","72:29","1","No project spacing scale; prefer matching Tailwind spacing or propose --space-*; preserve positional geometry"
"20px","size","components/AppSidebar","apps/web/src/app/components/AppSidebar.tsx","165:31; 230:23; 448:21; 520:21; 559:29; 602:21; 676:33","7","No general icon-glyph scale; propose --icon-size-* by role (status badge glyph tokens only for badge glyphs)"
"2 (SVG units)","strokeWidth","components/AppSidebar","apps/web/src/app/components/AppSidebar.tsx","165:65; 231:67; 334:65; 448:55; 559:63; 603:61","6","Vector stroke units; review icon stroke policy, not CSS px substitution"
"18px","size","components/AppSidebar","apps/web/src/app/components/AppSidebar.tsx","334:31; 363:33; 375:29; 620:27; 761:25","5","No general icon-glyph scale; propose --icon-size-* by role (status badge glyph tokens only for badge glyphs)"
"2.5 (SVG units)","strokeWidth","components/AppSidebar","apps/web/src/app/components/AppSidebar.tsx","165:59; 231:61; 334:59","3","Vector stroke units; review icon stroke policy, not CSS px substitution"
"2.6 (SVG units)","strokeWidth","components/AppSidebar","apps/web/src/app/components/AppSidebar.tsx","448:49; 559:57; 603:55","3","Vector stroke units; review icon stroke policy, not CSS px substitution"
"16px","size","components/AppSidebar","apps/web/src/app/components/AppSidebar.tsx","416:29; 418:28","2","No general icon-glyph scale; propose --icon-size-* by role (status badge glyph tokens only for badge glyphs)"
"2.2 (SVG units)","strokeWidth","components/AppSidebar","apps/web/src/app/components/AppSidebar.tsx","521:28; 676:50","2","Vector stroke units; review icon stroke policy, not CSS px substitution"
"2.4 (SVG units)","strokeWidth","components/AppSidebar","apps/web/src/app/components/AppSidebar.tsx","416:46; 418:45","2","Vector stroke units; review icon stroke policy, not CSS px substitution"
"-14px","right","components/AppSidebar","apps/web/src/app/components/AppSidebar.tsx","402:17","1","No project spacing scale; prefer matching Tailwind spacing or propose --space-*; preserve positional geometry"
"-50%","transform","components/AppSidebar","apps/web/src/app/components/AppSidebar.tsx","403:32","1","Relative/em sizing; preserve layout or review component role"
"1.5px","border","components/AppSidebar","apps/web/src/app/components/AppSidebar.tsx","569:32","1","No exact border token; propose --border-width-strong for repeated 2px strokes"
"100%","width","components/AppSidebar","apps/web/src/app/components/AppSidebar.tsx","439:19","1","Relative/em sizing; preserve layout or review component role"
"100dvh","maxHeight","components/AppSidebar","apps/web/src/app/components/AppSidebar.tsx","304:23","1","Relative/em sizing; preserve layout or review component role"
"16px","gap","components/AppSidebar","apps/web/src/app/components/AppSidebar.tsx","535:25","1","No project spacing scale; prefer matching Tailwind spacing or propose --space-*; preserve positional geometry"
"16px","padding","components/AppSidebar","apps/web/src/app/components/AppSidebar.tsx","706:20","1","No project spacing scale; prefer matching Tailwind spacing or propose --space-*; preserve positional geometry"
"1rem","maxHeight","components/AppSidebar","apps/web/src/app/components/AppSidebar.tsx","304:69","1","No exact role token; evaluate a component token if repeated"
"256px","PANEL_W","components/AppSidebar","apps/web/src/app/components/AppSidebar.tsx","385:19","1","No exact role token; evaluate a component token if repeated"
"50%","top","components/AppSidebar","apps/web/src/app/components/AppSidebar.tsx","401:15","1","Relative/em sizing; preserve layout or review component role"
"64px","RAIL_W","components/AppSidebar","apps/web/src/app/components/AppSidebar.tsx","384:18","1","No exact role token; evaluate a component token if repeated"
"7px","top","components/AppSidebar","apps/web/src/app/components/AppSidebar.tsx","564:28","1","No project spacing scale; prefer matching Tailwind spacing or propose --space-*; preserve positional geometry"
"7px","right","components/AppSidebar","apps/web/src/app/components/AppSidebar.tsx","565:30","1","No project spacing scale; prefer matching Tailwind spacing or propose --space-*; preserve positional geometry"
"8px","width","components/AppSidebar","apps/web/src/app/components/AppSidebar.tsx","566:30","1","No exact role token; evaluate a component token if repeated"
"8px","height","components/AppSidebar","apps/web/src/app/components/AppSidebar.tsx","567:31","1","No exact role token; evaluate a component token if repeated"
"16px","size","components/auth/CreateAccountScreen","apps/web/src/app/components/auth/CreateAccountScreen.tsx","189:45; 189:65","2","No general icon-glyph scale; propose --icon-size-* by role (status badge glyph tokens only for badge glyphs)"
"16px","size","components/auth/FormInput","apps/web/src/app/components/auth/FormInput.tsx","39:19","1","No general icon-glyph scale; propose --icon-size-* by role (status badge glyph tokens only for badge glyphs)"
"18px","size","components/auth/OnboardingStep2","apps/web/src/app/components/auth/OnboardingStep2.tsx","126:29","1","No general icon-glyph scale; propose --icon-size-* by role (status badge glyph tokens only for badge glyphs)"
"14px","size","components/auth/OnboardingStep3","apps/web/src/app/components/auth/OnboardingStep3.tsx","130:25; 161:33","2","No general icon-glyph scale; propose --icon-size-* by role (status badge glyph tokens only for badge glyphs)"
"18px","size","components/auth/OnboardingStep3","apps/web/src/app/components/auth/OnboardingStep3.tsx","98:37","1","No general icon-glyph scale; propose --icon-size-* by role (status badge glyph tokens only for badge glyphs)"
"16px","size","components/auth/SignInScreen","apps/web/src/app/components/auth/SignInScreen.tsx","124:37; 124:57","2","No general icon-glyph scale; propose --icon-size-* by role (status badge glyph tokens only for badge glyphs)"
"1.1 (SVG units)","strokeWidth","components/candling/EggIcons","apps/web/src/app/components/candling/EggIcons.tsx","59:22","1","Vector stroke units; review icon stroke policy, not CSS px substitution"
"1.25 (SVG units)","strokeWidth","components/candling/EggIcons","apps/web/src/app/components/candling/EggIcons.tsx","41:38","1","Vector stroke units; review icon stroke policy, not CSS px substitution"
"1.4 (SVG units)","strokeWidth","components/candling/EggIcons","apps/web/src/app/components/candling/EggIcons.tsx","74:22","1","Vector stroke units; review icon stroke policy, not CSS px substitution"
"1.7 (SVG units)","strokeWidth","components/candling/EggIcons","apps/web/src/app/components/candling/EggIcons.tsx","29:22","1","Vector stroke units; review icon stroke policy, not CSS px substitution"
"14px","size","components/candling/EggIcons","apps/web/src/app/components/candling/EggIcons.tsx","147:40","1","No general icon-glyph scale; propose --icon-size-* by role (status badge glyph tokens only for badge glyphs)"
"15px","size","components/candling/EggIcons","apps/web/src/app/components/candling/EggIcons.tsx","13:10","1","No general icon-glyph scale; propose --icon-size-* by role (status badge glyph tokens only for badge glyphs)"
"15px","size","components/detail/CandlingJournalTab","apps/web/src/app/components/detail/CandlingJournalTab.tsx","440:29; 1495:34; 1510:38; 1524:35; 2627:41","5","No general icon-glyph scale; propose --icon-size-* by role (status badge glyph tokens only for badge glyphs)"
"13px","size","components/detail/CandlingJournalTab","apps/web/src/app/components/detail/CandlingJournalTab.tsx","887:53; 1067:42; 1304:48; 1304:71","4","No general icon-glyph scale; propose --icon-size-* by role (status badge glyph tokens only for badge glyphs)"
"14px","size","components/detail/CandlingJournalTab","apps/web/src/app/components/detail/CandlingJournalTab.tsx","237:27; 2237:31; 2338:31; 2516:37","4","No general icon-glyph scale; propose --icon-size-* by role (status badge glyph tokens only for badge glyphs)"
"16px","size","components/detail/CandlingJournalTab","apps/web/src/app/components/detail/CandlingJournalTab.tsx","2522:37; 2547:45; 2556:45","3","No general icon-glyph scale; propose --icon-size-* by role (status badge glyph tokens only for badge glyphs)"
"2px","marginTop","components/detail/CandlingJournalTab","apps/web/src/app/components/detail/CandlingJournalTab.tsx","1659:28; 2103:34; 2143:34","3","No project spacing scale; prefer matching Tailwind spacing or propose --space-*; preserve positional geometry"
"40px","width","components/detail/CandlingJournalTab","apps/web/src/app/components/detail/CandlingJournalTab.tsx","2432:33; 2458:41; 2592:45","3","--control-size-nav; only for square controls"
"1.5px","border","components/detail/CandlingJournalTab","apps/web/src/app/components/detail/CandlingJournalTab.tsx","434:28; 1366:30","2","No exact border token; propose --border-width-strong for repeated 2px strokes"
"2px","border","components/detail/CandlingJournalTab","apps/web/src/app/components/detail/CandlingJournalTab.tsx","2601:38; 2602:38","2","No exact border token; propose --border-width-strong for repeated 2px strokes"
"3px","boxShadow","components/detail/CandlingJournalTab","apps/web/src/app/components/detail/CandlingJournalTab.tsx","2469:47; 2608:51","2","Review complete --shadow-* recipe; do not substitute shadow offsets independently"
"0zero","border","components/detail/CandlingJournalTab","apps/web/src/app/components/detail/CandlingJournalTab.tsx","1119:34","1","Keep zero; no token needed"
"0zero","padding","components/detail/CandlingJournalTab","apps/web/src/app/components/detail/CandlingJournalTab.tsx","1119:46","1","Keep zero; no token needed"
"0zero","margin","components/detail/CandlingJournalTab","apps/web/src/app/components/detail/CandlingJournalTab.tsx","1119:57","1","Keep zero; no token needed"
"0zero","top","components/detail/CandlingJournalTab","apps/web/src/app/components/detail/CandlingJournalTab.tsx","2759:55","1","Keep zero; no token needed"
"1.2 (unitless)","lineHeight","components/detail/CandlingJournalTab","apps/web/src/app/components/detail/CandlingJournalTab.tsx","894:37","1","No exact leading token; propose a role-based leading token if repeated"
"1.45 (unitless)","lineHeight","components/detail/CandlingJournalTab","apps/web/src/app/components/detail/CandlingJournalTab.tsx","340:37","1","No exact leading token; propose a role-based leading token if repeated"
"11px","size","components/detail/CandlingJournalTab","apps/web/src/app/components/detail/CandlingJournalTab.tsx","1432:38","1","No general icon-glyph scale; propose --icon-size-* by role (status badge glyph tokens only for badge glyphs)"
"12px","marginTop","components/detail/CandlingJournalTab","apps/web/src/app/components/detail/CandlingJournalTab.tsx","1119:71","1","No project spacing scale; prefer matching Tailwind spacing or propose --space-*; preserve positional geometry"
"16px","marginTop","components/detail/CandlingJournalTab","apps/web/src/app/components/detail/CandlingJournalTab.tsx","2437:32","1","No project spacing scale; prefer matching Tailwind spacing or propose --space-*; preserve positional geometry"
"18px","padding","components/detail/CandlingJournalTab","apps/web/src/app/components/detail/CandlingJournalTab.tsx","149:40","1","No project spacing scale; prefer matching Tailwind spacing or propose --space-*; preserve positional geometry"
"18px","size","components/detail/CandlingJournalTab","apps/web/src/app/components/detail/CandlingJournalTab.tsx","2408:35","1","No general icon-glyph scale; propose --icon-size-* by role (status badge glyph tokens only for badge glyphs)"
"1px","filter","components/detail/CandlingJournalTab","apps/web/src/app/components/detail/CandlingJournalTab.tsx","416:118","1","No exact role token; evaluate a component token if repeated"
"1px","height","components/detail/CandlingJournalTab","apps/web/src/app/components/detail/CandlingJournalTab.tsx","2078:28","1","No exact role token; evaluate a component token if repeated"
"1px","marginTop","components/detail/CandlingJournalTab","apps/web/src/app/components/detail/CandlingJournalTab.tsx","2112:34","1","No project spacing scale; prefer matching Tailwind spacing or propose --space-*; preserve positional geometry"
"1px","fontSize","components/detail/CandlingJournalTab","apps/web/src/app/components/detail/CandlingJournalTab.tsx","2497:74","1","No exact type token; review typography role"
"2 (SVG units)","strokeWidth","components/detail/CandlingJournalTab","apps/web/src/app/components/detail/CandlingJournalTab.tsx","2629:48","1","Vector stroke units; review icon stroke policy, not CSS px substitution"
"2.5 (SVG units)","strokeWidth","components/detail/CandlingJournalTab","apps/web/src/app/components/detail/CandlingJournalTab.tsx","2517:44","1","Vector stroke units; review icon stroke policy, not CSS px substitution"
"20px","size","components/detail/CandlingJournalTab","apps/web/src/app/components/detail/CandlingJournalTab.tsx","1374:27","1","No general icon-glyph scale; propose --icon-size-* by role (status badge glyph tokens only for badge glyphs)"
"2px","fontSize","components/detail/CandlingJournalTab","apps/web/src/app/components/detail/CandlingJournalTab.tsx","2394:58","1","No exact type token; review typography role"
"3px","borderLeft","components/detail/CandlingJournalTab","apps/web/src/app/components/detail/CandlingJournalTab.tsx","327:34","1","No exact border token; propose --border-width-strong for repeated 2px strokes"
"60px","width","components/detail/CandlingJournalTab","apps/web/src/app/components/detail/CandlingJournalTab.tsx","1414:36","1","No exact role token; evaluate a component token if repeated"
"60px","height","components/detail/CandlingJournalTab","apps/web/src/app/components/detail/CandlingJournalTab.tsx","1415:37","1","No exact role token; evaluate a component token if repeated"
"6px","marginBottom","components/detail/CandlingJournalTab","apps/web/src/app/components/detail/CandlingJournalTab.tsx","255:29","1","No project spacing scale; prefer matching Tailwind spacing or propose --space-*; preserve positional geometry"
"6px","marginLeft","components/detail/CandlingJournalTab","apps/web/src/app/components/detail/CandlingJournalTab.tsx","2149:37","1","No project spacing scale; prefer matching Tailwind spacing or propose --space-*; preserve positional geometry"
"75dvh","max-height","components/detail/CandlingJournalTab","apps/web/src/app/components/detail/CandlingJournalTab.tsx","527:32","1","Relative/em sizing; preserve layout or review component role"
"75dvh","min-height","components/detail/CandlingJournalTab","apps/web/src/app/components/detail/CandlingJournalTab.tsx","527:46","1","Relative/em sizing; preserve layout or review component role"
"85dvh","max-height","components/detail/CandlingJournalTab","apps/web/src/app/components/detail/CandlingJournalTab.tsx","2751:31","1","Relative/em sizing; preserve layout or review component role"
"8px","marginBottom","components/detail/CandlingJournalTab","apps/web/src/app/components/detail/CandlingJournalTab.tsx","156:29","1","No project spacing scale; prefer matching Tailwind spacing or propose --space-*; preserve positional geometry"
"90vw","width","components/detail/CandlingJournalTab","apps/web/src/app/components/detail/CandlingJournalTab.tsx","2751:41","1","Relative/em sizing; preserve layout or review component role"
"9px","labelSize","components/detail/CandlingJournalTab","apps/web/src/app/components/detail/CandlingJournalTab.tsx","2073:22","1","--type-label-micro; role + responsive review"
"10px","fontSize","components/detail/DeviceSettingsTab","apps/web/src/app/components/detail/DeviceSettingsTab.tsx","209:39; 431:39; 602:39","3","--type-label-compact; role + responsive review"
"14px","fontSize","components/detail/DeviceSettingsTab","apps/web/src/app/components/detail/DeviceSettingsTab.tsx","198:34; 420:34; 591:34","3","--type-body; role + responsive review"
"14px","size","components/detail/DeviceSettingsTab","apps/web/src/app/components/detail/DeviceSettingsTab.tsx","403:37; 568:35","2","No general icon-glyph scale; propose --icon-size-* by role (status badge glyph tokens only for badge glyphs)"
"110px","width","components/detail/DeviceSettingsTab","apps/web/src/app/components/detail/DeviceSettingsTab.tsx","509:69","1","No exact role token; evaluate a component token if repeated"
"13px","size","components/detail/DeviceSettingsTab","apps/web/src/app/components/detail/DeviceSettingsTab.tsx","637:33","1","No general icon-glyph scale; propose --icon-size-* by role (status badge glyph tokens only for badge glyphs)"
"15px","size","components/detail/DeviceSettingsTab","apps/web/src/app/components/detail/DeviceSettingsTab.tsx","621:29","1","No general icon-glyph scale; propose --icon-size-* by role (status badge glyph tokens only for badge glyphs)"
"16px","size","components/detail/DeviceSettingsTab","apps/web/src/app/components/detail/DeviceSettingsTab.tsx","172:27","1","No general icon-glyph scale; propose --icon-size-* by role (status badge glyph tokens only for badge glyphs)"
"180px","width","components/detail/DeviceSettingsTab","apps/web/src/app/components/detail/DeviceSettingsTab.tsx","284:60","1","No exact role token; evaluate a component token if repeated"
"2 (SVG units)","strokeWidth","components/detail/DeviceSettingsTab","apps/web/src/app/components/detail/DeviceSettingsTab.tsx","173:51","1","Vector stroke units; review icon stroke policy, not CSS px substitution"
"2.5 (SVG units)","strokeWidth","components/detail/DeviceSettingsTab","apps/web/src/app/components/detail/DeviceSettingsTab.tsx","173:45","1","Vector stroke units; review icon stroke policy, not CSS px substitution"
"20px","size","components/detail/DeviceSettingsTab","apps/web/src/app/components/detail/DeviceSettingsTab.tsx","239:31","1","No general icon-glyph scale; propose --icon-size-* by role (status badge glyph tokens only for badge glyphs)"
"0zero","borderRadius","components/detail/IncubationCalendar","apps/web/src/app/components/detail/IncubationCalendar.tsx","391:78; 391:125; 391:172; 391:221","4","Keep zero; no token needed"
"11px","width","components/detail/IncubationCalendar","apps/web/src/app/components/detail/IncubationCalendar.tsx","490:26; 503:26; 516:26; 529:26","4","No exact role token; evaluate a component token if repeated"
"11px","height","components/detail/IncubationCalendar","apps/web/src/app/components/detail/IncubationCalendar.tsx","491:27; 504:27; 517:27; 530:27","4","No exact role token; evaluate a component token if repeated"
"1px","marginTop","components/detail/IncubationCalendar","apps/web/src/app/components/detail/IncubationCalendar.tsx","769:28; 825:28; 875:28; 931:28","4","No project spacing scale; prefer matching Tailwind spacing or propose --space-*; preserve positional geometry"
"15px","size","components/detail/IncubationCalendar","apps/web/src/app/components/detail/IncubationCalendar.tsx","278:30; 297:31","2","No general icon-glyph scale; propose --icon-size-* by role (status badge glyph tokens only for badge glyphs)"
"38px","height","components/detail/IncubationCalendar","apps/web/src/app/components/detail/IncubationCalendar.tsx","371:25; 406:29","2","No exact role token; evaluate a component token if repeated"
"118px","minWidth","components/detail/IncubationCalendar","apps/web/src/app/components/detail/IncubationCalendar.tsx","283:23","1","No exact role token; evaluate a component token if repeated"
"28px","width","components/detail/IncubationCalendar","apps/web/src/app/components/detail/IncubationCalendar.tsx","440:28","1","--control-size-xs; only for square controls"
"28px","height","components/detail/IncubationCalendar","apps/web/src/app/components/detail/IncubationCalendar.tsx","441:29","1","--control-height-chip; only for matching control role"
"44px","width","components/detail/IncubationCalendar","apps/web/src/app/components/detail/IncubationCalendar.tsx","405:28","1","--control-hit-area-icon; only for square controls"
"7px","borderRadius","components/detail/IncubationCalendar","apps/web/src/app/components/detail/IncubationCalendar.tsx","447:39","1","No exact radius token; review radius role"
"999px","borderRadius","components/detail/IncubationCalendar","apps/web/src/app/components/detail/IncubationCalendar.tsx","447:43","1","No exact radius token; review radius role"
"9px","marginLeft","components/detail/IncubationCalendar","apps/web/src/app/components/detail/IncubationCalendar.tsx","373:53","1","No project spacing scale; prefer matching Tailwind spacing or propose --space-*; preserve positional geometry"
"18px","size","components/detail/LiveMonitorTab","apps/web/src/app/components/detail/LiveMonitorTab.tsx","649:32; 659:32; 669:30; 679:36; 701:33; 703:34; 711:38","7","No general icon-glyph scale; propose --icon-size-* by role (status badge glyph tokens only for badge glyphs)"
"13px","size","components/detail/LiveMonitorTab","apps/web/src/app/components/detail/LiveMonitorTab.tsx","399:34; 405:31; 497:33; 505:33","4","No general icon-glyph scale; propose --icon-size-* by role (status badge glyph tokens only for badge glyphs)"
"15px","size","components/detail/LiveMonitorTab","apps/web/src/app/components/detail/LiveMonitorTab.tsx","423:39; 430:41; 437:39; 444:41","4","No general icon-glyph scale; propose --icon-size-* by role (status badge glyph tokens only for badge glyphs)"
"14px","size","components/detail/LiveMonitorTab","apps/web/src/app/components/detail/LiveMonitorTab.tsx","318:43","1","No general icon-glyph scale; propose --icon-size-* by role (status badge glyph tokens only for badge glyphs)"
"16px","size","components/detail/LiveMonitorTab","apps/web/src/app/components/detail/LiveMonitorTab.tsx","383:23","1","No general icon-glyph scale; propose --icon-size-* by role (status badge glyph tokens only for badge glyphs)"
"1px","height","components/detail/LiveMonitorTab","apps/web/src/app/components/detail/LiveMonitorTab.tsx","615:28","1","No exact role token; evaluate a component token if repeated"
"9px","labelSize","components/detail/LiveMonitorTab","apps/web/src/app/components/detail/LiveMonitorTab.tsx","610:22","1","--type-label-micro; role + responsive review"
"14px","size","components/detail/PhotoLightbox","apps/web/src/app/components/detail/PhotoLightbox.tsx","299:46; 299:72; 312:31; 323:29","4","No general icon-glyph scale; propose --icon-size-* by role (status badge glyph tokens only for badge glyphs)"
"-50%","transform","components/detail/PhotoLightbox","apps/web/src/app/components/detail/PhotoLightbox.tsx","384:45; 384:51","2","Relative/em sizing; preserve layout or review component role"
"16px","size","components/detail/PhotoLightbox","apps/web/src/app/components/detail/PhotoLightbox.tsx","439:32; 451:31","2","No general icon-glyph scale; propose --icon-size-* by role (status badge glyph tokens only for badge glyphs)"
"24px","size","components/detail/PhotoLightbox","apps/web/src/app/components/detail/PhotoLightbox.tsx","358:34; 425:35","2","No general icon-glyph scale; propose --icon-size-* by role (status badge glyph tokens only for badge glyphs)"
"100dvh","min-height","components/detail/PhotoLightbox","apps/web/src/app/components/detail/PhotoLightbox.tsx","38:40","1","Relative/em sizing; preserve layout or review component role"
"15px","size","components/detail/PhotoLightbox","apps/web/src/app/components/detail/PhotoLightbox.tsx","461:33","1","No general icon-glyph scale; propose --icon-size-* by role (status badge glyph tokens only for badge glyphs)"
"18px","size","components/detail/PhotoLightbox","apps/web/src/app/components/detail/PhotoLightbox.tsx","333:24","1","No general icon-glyph scale; propose --icon-size-* by role (status badge glyph tokens only for badge glyphs)"
"400px","min-height","components/detail/PhotoLightbox","apps/web/src/app/components/detail/PhotoLightbox.tsx","38:29","1","No exact role token; evaluate a component token if repeated"
"48px","size","components/detail/PhotoLightbox","apps/web/src/app/components/detail/PhotoLightbox.tsx","401:23","1","No general icon-glyph scale; propose --icon-size-* by role (status badge glyph tokens only for badge glyphs)"
"54px","min-width","components/detail/PhotoLightbox","apps/web/src/app/components/detail/PhotoLightbox.tsx","441:39","1","No exact role token; evaluate a component token if repeated"
"65vh","max-height","components/detail/PhotoLightbox","apps/web/src/app/components/detail/PhotoLightbox.tsx","41:39","1","Relative/em sizing; preserve layout or review component role"
"82vh","max-height","components/detail/PhotoLightbox","apps/web/src/app/components/detail/PhotoLightbox.tsx","38:62","1","Relative/em sizing; preserve layout or review component role"
"88vh","height","components/detail/PhotoLightbox","apps/web/src/app/components/detail/PhotoLightbox.tsx","32:7","1","Relative/em sizing; preserve layout or review component role"
"8rem","min-height","components/detail/PhotoLightbox","apps/web/src/app/components/detail/PhotoLightbox.tsx","38:47","1","No exact role token; evaluate a component token if repeated"
"92vw","width","components/detail/PhotoLightbox","apps/web/src/app/components/detail/PhotoLightbox.tsx","33:33","1","Relative/em sizing; preserve layout or review component role"
"20%","border","components/detail/primitives","apps/web/src/app/components/detail/primitives.tsx","228:60; 236:57","2","Relative/em sizing; preserve layout or review component role"
"1.35 (unitless)","lineHeight","components/detail/primitives","apps/web/src/app/components/detail/primitives.tsx","299:43","1","No exact leading token; propose a role-based leading token if repeated"
"4px","marginBottom","components/detail/primitives","apps/web/src/app/components/detail/primitives.tsx","163:25","1","No project spacing scale; prefer matching Tailwind spacing or propose --space-*; preserve positional geometry"
"-50%","transform","components/detail/Timeline","apps/web/src/app/components/detail/Timeline.tsx","160:42; 240:42; 292:68; 374:42; 418:39; 418:45; 448:43; 448:49; 496:39; 496:45","10","Relative/em sizing; preserve layout or review component role"
"58px","top","components/detail/Timeline","apps/web/src/app/components/detail/Timeline.tsx","121:23; 417:23; 447:27; 495:23","4","No project spacing scale; prefer matching Tailwind spacing or propose --space-*; preserve positional geometry"
"100%","top","components/detail/Timeline","apps/web/src/app/components/detail/Timeline.tsx","239:30; 290:34; 373:30","3","Relative/em sizing; preserve layout or review component role"
"10px","top","components/detail/Timeline","apps/web/src/app/components/detail/Timeline.tsx","239:37; 290:41; 373:37","3","No project spacing scale; prefer matching Tailwind spacing or propose --space-*; preserve positional geometry"
"2px","badgeShadow","components/detail/Timeline","apps/web/src/app/components/detail/Timeline.tsx","74:22; 81:22; 88:22","3","Review complete --shadow-* recipe; do not substitute shadow offsets independently"
"2px","border","components/detail/Timeline","apps/web/src/app/components/detail/Timeline.tsx","429:28; 460:32; 507:28","3","No exact border token; propose --border-width-strong for repeated 2px strokes"
"8px","badgeShadow","components/detail/Timeline","apps/web/src/app/components/detail/Timeline.tsx","74:26; 81:26; 88:26","3","Review complete --shadow-* recipe; do not substitute shadow offsets independently"
"0%","left","components/detail/Timeline","apps/web/src/app/components/detail/Timeline.tsx","238:26; 416:24","2","Relative/em sizing; preserve layout or review component role"
"1.2 (unitless)","lineHeight","components/detail/Timeline","apps/web/src/app/components/detail/Timeline.tsx","181:35; 192:35","2","No exact leading token; propose a role-based leading token if repeated"
"100%","left","components/detail/Timeline","apps/web/src/app/components/detail/Timeline.tsx","372:26; 494:24","2","Relative/em sizing; preserve layout or review component role"
"2.5px","boxShadow","components/detail/Timeline","apps/web/src/app/components/detail/Timeline.tsx","464:41; 512:37","2","Review complete --shadow-* recipe; do not substitute shadow offsets independently"
"38px","badgeLeft","components/detail/Timeline","apps/web/src/app/components/detail/Timeline.tsx","95:28; 95:59","2","No project spacing scale; prefer matching Tailwind spacing or propose --space-*; preserve positional geometry"
"-58%","transform","components/detail/Timeline","apps/web/src/app/components/detail/Timeline.tsx","292:47","1","Relative/em sizing; preserve layout or review component role"
"0.05em","letterSpacing","components/detail/Timeline","apps/web/src/app/components/detail/Timeline.tsx","193:39","1","Relative/em sizing; preserve layout or review component role"
"0.06em","letterSpacing","components/detail/Timeline","apps/web/src/app/components/detail/Timeline.tsx","180:39","1","Relative/em sizing; preserve layout or review component role"
"1 (unitless)","lineHeight","components/detail/Timeline","apps/web/src/app/components/detail/Timeline.tsx","479:39","1","No exact leading token; propose a role-based leading token if repeated"
"1.5px","badgeBorder","components/detail/Timeline","apps/web/src/app/components/detail/Timeline.tsx","73:20","1","No exact border token; propose --border-width-strong for repeated 2px strokes"
"100%","badgeLeft","components/detail/Timeline","apps/web/src/app/components/detail/Timeline.tsx","95:52","1","Relative/em sizing; preserve layout or review component role"
"100%","bottom","components/detail/Timeline","apps/web/src/app/components/detail/Timeline.tsx","159:33","1","Relative/em sizing; preserve layout or review component role"
"10px","labelSize","components/detail/Timeline","apps/web/src/app/components/detail/Timeline.tsx","26:15","1","--type-label-compact; role + responsive review"
"10px","size","components/detail/Timeline","apps/web/src/app/components/detail/Timeline.tsx","472:35","1","No general icon-glyph scale; propose --icon-size-* by role (status badge glyph tokens only for badge glyphs)"
"11px","bottom","components/detail/Timeline","apps/web/src/app/components/detail/Timeline.tsx","159:40","1","No project spacing scale; prefer matching Tailwind spacing or propose --space-*; preserve positional geometry"
"11px","size","components/detail/Timeline","apps/web/src/app/components/detail/Timeline.tsx","516:25","1","No general icon-glyph scale; propose --icon-size-* by role (status badge glyph tokens only for badge glyphs)"
"12px","size","components/detail/Timeline","apps/web/src/app/components/detail/Timeline.tsx","470:36","1","No general icon-glyph scale; propose --icon-size-* by role (status badge glyph tokens only for badge glyphs)"
"13px","stemHeight","components/detail/Timeline","apps/web/src/app/components/detail/Timeline.tsx","103:22","1","No exact role token; evaluate a component token if repeated"
"2 (SVG units)","strokeWidth","components/detail/Timeline","apps/web/src/app/components/detail/Timeline.tsx","216:36","1","Vector stroke units; review icon stroke policy, not CSS px substitution"
"2px","boxShadow","components/detail/Timeline","apps/web/src/app/components/detail/Timeline.tsx","430:37","1","Review complete --shadow-* recipe; do not substitute shadow offsets independently"
"34px","min-height","components/detail/Timeline","apps/web/src/app/components/detail/Timeline.tsx","167:51","1","--control-height-mobile; only for matching control role"
"72px","maxWidth","components/detail/Timeline","apps/web/src/app/components/detail/Timeline.tsx","242:29","1","No exact role token; evaluate a component token if repeated"
"76px","maxWidth","components/detail/Timeline","apps/web/src/app/components/detail/Timeline.tsx","376:29","1","No exact role token; evaluate a component token if repeated"
"80px","width","components/detail/Timeline","apps/web/src/app/components/detail/Timeline.tsx","201:28","1","No exact role token; evaluate a component token if repeated"
"88px","maxWidth","components/detail/Timeline","apps/web/src/app/components/detail/Timeline.tsx","294:33","1","No exact role token; evaluate a component token if repeated"
"16px","size","components/FarmDataStatus","apps/web/src/app/components/FarmDataStatus.tsx","45:17; 71:19","2","No general icon-glyph scale; propose --icon-size-* by role (status badge glyph tokens only for badge glyphs)"
"176px","size","components/GaugeDial","apps/web/src/app/components/GaugeDial.tsx","41:10","1","No general icon-glyph scale; propose --icon-size-* by role (status badge glyph tokens only for badge glyphs)"
"1.5 (unitless)","lineHeight","components/HarvestModal","apps/web/src/app/components/HarvestModal.tsx","109:27","1","--leading-normal"
"2px","marginTop","components/HarvestModal","apps/web/src/app/components/HarvestModal.tsx","98:28","1","No project spacing scale; prefer matching Tailwind spacing or propose --space-*; preserve positional geometry"
"88vh","max-height","components/HarvestModal","apps/web/src/app/components/HarvestModal.tsx","74:71","1","Relative/em sizing; preserve layout or review component role"
"90vw","width","components/HarvestModal","apps/web/src/app/components/HarvestModal.tsx","74:23","1","Relative/em sizing; preserve layout or review component role"
"18px","size","components/HelpWidget","apps/web/src/app/components/HelpWidget.tsx","127:27","1","No general icon-glyph scale; propose --icon-size-* by role (status badge glyph tokens only for badge glyphs)"
"24px","size","components/icons/IconBase","apps/web/src/app/components/icons/IconBase.tsx","20:10","1","No general icon-glyph scale; propose --icon-size-* by role (status badge glyph tokens only for badge glyphs)"
"15px","size","components/IncubatorCard","apps/web/src/app/components/IncubatorCard.tsx","58:10; 68:10; 78:10; 88:10; 98:10; 108:10; 118:10; 128:10; 505:40; 513:37; 671:63","11","No general icon-glyph scale; propose --icon-size-* by role (status badge glyph tokens only for badge glyphs)"
"12px","paddingLeft","components/IncubatorCard","apps/web/src/app/components/IncubatorCard.tsx","644:28; 667:28","2","No project spacing scale; prefer matching Tailwind spacing or propose --space-*; preserve positional geometry"
"2px","marginTop","components/IncubatorCard","apps/web/src/app/components/IncubatorCard.tsx","296:41; 338:74","2","No project spacing scale; prefer matching Tailwind spacing or propose --space-*; preserve positional geometry"
"0.75rem","padding","components/IncubatorCard","apps/web/src/app/components/IncubatorCard.tsx","276:19","1","No project spacing scale; prefer matching Tailwind spacing or propose --space-*; preserve positional geometry"
"100%","height","components/IncubatorCard","apps/web/src/app/components/IncubatorCard.tsx","581:28","1","Relative/em sizing; preserve layout or review component role"
"10px","paddingRight","components/IncubatorCard","apps/web/src/app/components/IncubatorCard.tsx","668:29","1","No project spacing scale; prefer matching Tailwind spacing or propose --space-*; preserve positional geometry"
"11px","subtextSize","components/IncubatorCard","apps/web/src/app/components/IncubatorCard.tsx","526:28","1","--type-label; role + responsive review"
"12px","subtextSize","components/IncubatorCard","apps/web/src/app/components/IncubatorCard.tsx","255:17","1","--type-caption; role + responsive review"
"12px","marginTop","components/IncubatorCard","apps/web/src/app/components/IncubatorCard.tsx","536:36","1","No project spacing scale; prefer matching Tailwind spacing or propose --space-*; preserve positional geometry"
"12px","paddingRight","components/IncubatorCard","apps/web/src/app/components/IncubatorCard.tsx","645:29","1","No project spacing scale; prefer matching Tailwind spacing or propose --space-*; preserve positional geometry"
"14px","size","components/IncubatorCard","apps/web/src/app/components/IncubatorCard.tsx","419:21","1","No general icon-glyph scale; propose --icon-size-* by role (status badge glyph tokens only for badge glyphs)"
"16px","height","components/IncubatorCard","apps/web/src/app/components/IncubatorCard.tsx","338:59","1","No exact role token; evaluate a component token if repeated"
"16px","valueSize","components/IncubatorCard","apps/web/src/app/components/IncubatorCard.tsx","525:26","1","--type-heading-sm; role + responsive review"
"18px","valueSize","components/IncubatorCard","apps/web/src/app/components/IncubatorCard.tsx","254:15","1","--type-heading-md; role + responsive review"
"22px","height","components/IncubatorCard","apps/web/src/app/components/IncubatorCard.tsx","296:26","1","No exact role token; evaluate a component token if repeated"
"3 (SVG units)","strokeWidth","components/IncubatorCard","apps/web/src/app/components/IncubatorCard.tsx","606:32","1","Vector stroke units; review icon stroke policy, not CSS px substitution"
"4px","marginTop","components/IncubatorCard","apps/web/src/app/components/IncubatorCard.tsx","495:26","1","No project spacing scale; prefer matching Tailwind spacing or propose --space-*; preserve positional geometry"
"6px","marginBottom","components/IncubatorCard","apps/web/src/app/components/IncubatorCard.tsx","539:38","1","No project spacing scale; prefer matching Tailwind spacing or propose --space-*; preserve positional geometry"
"2 (SVG units)","strokeWidth","components/KpiCard","apps/web/src/app/components/KpiCard.tsx","90:42","1","Vector stroke units; review icon stroke policy, not CSS px substitution"
"26px","size","components/KpiCard","apps/web/src/app/components/KpiCard.tsx","90:25","1","No general icon-glyph scale; propose --icon-size-* by role (status badge glyph tokens only for badge glyphs)"
"5.625rem","min-height","components/KpiCard","apps/web/src/app/components/KpiCard.tsx","63:19","1","No exact role token; evaluate a component token if repeated"
"5.875rem","min-height","components/KpiCard","apps/web/src/app/components/KpiCard.tsx","62:40","1","No exact role token; evaluate a component token if repeated"
"6.3125rem","min-height","components/KpiCard","apps/web/src/app/components/KpiCard.tsx","62:19","1","No exact role token; evaluate a component token if repeated"
"7.25rem","min-height","components/KpiCard","apps/web/src/app/components/KpiCard.tsx","62:60","1","No exact role token; evaluate a component token if repeated"
"1.2 (unitless)","lineHeight","components/LiveDateTime","apps/web/src/app/components/LiveDateTime.tsx","60:25; 83:23; 95:23","3","No exact leading token; propose a role-based leading token if repeated"
"2px","marginTop","components/LiveDateTime","apps/web/src/app/components/LiveDateTime.tsx","96:22","1","No project spacing scale; prefer matching Tailwind spacing or propose --space-*; preserve positional geometry"
"120px","size","components/Mascot","apps/web/src/app/components/Mascot.tsx","10:33","1","No general icon-glyph scale; propose --icon-size-* by role (status badge glyph tokens only for badge glyphs)"
"16px","size","components/PageHeader","apps/web/src/app/components/PageHeader.tsx","103:32; 189:30","2","No general icon-glyph scale; propose --icon-size-* by role (status badge glyph tokens only for badge glyphs)"
"2px","marginTop","components/PageHeader","apps/web/src/app/components/PageHeader.tsx","143:32","1","No project spacing scale; prefer matching Tailwind spacing or propose --space-*; preserve positional geometry"
"4px","marginTop","components/PageHeader","apps/web/src/app/components/PageHeader.tsx","225:51","1","No project spacing scale; prefer matching Tailwind spacing or propose --space-*; preserve positional geometry"
"14px","size","components/PowerIndicator","apps/web/src/app/components/PowerIndicator.tsx","58:19","1","No general icon-glyph scale; propose --icon-size-* by role (status badge glyph tokens only for badge glyphs)"
"16px","size","components/RawReadingsDialog","apps/web/src/app/components/RawReadingsDialog.tsx","101:29","1","No general icon-glyph scale; propose --icon-size-* by role (status badge glyph tokens only for badge glyphs)"
"50vh","max-height","components/RawReadingsDialog","apps/web/src/app/components/RawReadingsDialog.tsx","119:34","1","Relative/em sizing; preserve layout or review component role"
"90dvh","max-height","components/RawReadingsDialog","apps/web/src/app/components/RawReadingsDialog.tsx","85:40","1","Relative/em sizing; preserve layout or review component role"
"14px","size","components/screens/AlertsScreen","apps/web/src/app/components/screens/AlertsScreen.tsx","499:48; 515:42","2","No general icon-glyph scale; propose --icon-size-* by role (status badge glyph tokens only for badge glyphs)"
"16px","size","components/screens/AlertsScreen","apps/web/src/app/components/screens/AlertsScreen.tsx","228:33; 253:29","2","No general icon-glyph scale; propose --icon-size-* by role (status badge glyph tokens only for badge glyphs)"
"10px","padding","components/screens/AlertsScreen","apps/web/src/app/components/screens/AlertsScreen.tsx","308:31","1","No project spacing scale; prefer matching Tailwind spacing or propose --space-*; preserve positional geometry"
"150px","width","components/screens/AlertsScreen","apps/web/src/app/components/screens/AlertsScreen.tsx","452:175","1","No exact role token; evaluate a component token if repeated"
"165px","width","components/screens/AlertsScreen","apps/web/src/app/components/screens/AlertsScreen.tsx","198:167","1","No exact role token; evaluate a component token if repeated"
"20px","padding","components/screens/AlertsScreen","apps/web/src/app/components/screens/AlertsScreen.tsx","308:36","1","No project spacing scale; prefer matching Tailwind spacing or propose --space-*; preserve positional geometry"
"24px","paddingBottom","components/screens/AlertsScreen","apps/web/src/app/components/screens/AlertsScreen.tsx","159:26","1","No project spacing scale; prefer matching Tailwind spacing or propose --space-*; preserve positional geometry"
"24px","paddingTop","components/screens/AlertsScreen","apps/web/src/app/components/screens/AlertsScreen.tsx","160:23","1","No project spacing scale; prefer matching Tailwind spacing or propose --space-*; preserve positional geometry"
"24px","size","components/screens/AlertsScreen","apps/web/src/app/components/screens/AlertsScreen.tsx","361:37","1","No general icon-glyph scale; propose --icon-size-* by role (status badge glyph tokens only for badge glyphs)"
"2px","paddingTop","components/screens/AlertsScreen","apps/web/src/app/components/screens/AlertsScreen.tsx","348:48","1","No project spacing scale; prefer matching Tailwind spacing or propose --space-*; preserve positional geometry"
"36px","width","components/screens/AlertsScreen","apps/web/src/app/components/screens/AlertsScreen.tsx","354:38","1","--control-size-icon; only for square controls"
"36px","height","components/screens/AlertsScreen","apps/web/src/app/components/screens/AlertsScreen.tsx","355:39","1","--control-height-default; only for matching control role"
"44px","minHeight","components/screens/AlertsScreen","apps/web/src/app/components/screens/AlertsScreen.tsx","453:47","1","--control-height-filter-row; only for matching control role"
"4px","borderLeft","components/screens/AlertsScreen","apps/web/src/app/components/screens/AlertsScreen.tsx","335:40","1","No exact border token; propose --border-width-strong for repeated 2px strokes"
"8px","padding","components/screens/AlertsScreen","apps/web/src/app/components/screens/AlertsScreen.tsx","308:41","1","No project spacing scale; prefer matching Tailwind spacing or propose --space-*; preserve positional geometry"
"16px","size","components/screens/CandlingLogsScreen","apps/web/src/app/components/screens/CandlingLogsScreen.tsx","524:21; 632:42; 634:44","3","No general icon-glyph scale; propose --icon-size-* by role (status badge glyph tokens only for badge glyphs)"
"155px","min-width","components/screens/CandlingLogsScreen","apps/web/src/app/components/screens/CandlingLogsScreen.tsx","874:50; 907:50","2","No exact role token; evaluate a component token if repeated"
"15px","size","components/screens/CandlingLogsScreen","apps/web/src/app/components/screens/CandlingLogsScreen.tsx","357:38; 950:56","2","No general icon-glyph scale; propose --icon-size-* by role (status badge glyph tokens only for badge glyphs)"
"18px","width/height","components/screens/CandlingLogsScreen","apps/web/src/app/components/screens/CandlingLogsScreen.tsx","632:66; 634:68","2","No exact role token; evaluate a component token if repeated"
"-1rem","max-height","components/screens/CandlingLogsScreen","apps/web/src/app/components/screens/CandlingLogsScreen.tsx","713:160","1","No exact role token; evaluate a component token if repeated"
"100dvh","max-height","components/screens/CandlingLogsScreen","apps/web/src/app/components/screens/CandlingLogsScreen.tsx","713:119","1","Relative/em sizing; preserve layout or review component role"
"10px","paddingRight","components/screens/CandlingLogsScreen","apps/web/src/app/components/screens/CandlingLogsScreen.tsx","354:27","1","No project spacing scale; prefer matching Tailwind spacing or propose --space-*; preserve positional geometry"
"116px","min-height","components/screens/CandlingLogsScreen","apps/web/src/app/components/screens/CandlingLogsScreen.tsx","253:34","1","No exact role token; evaluate a component token if repeated"
"12px","paddingLeft","components/screens/CandlingLogsScreen","apps/web/src/app/components/screens/CandlingLogsScreen.tsx","353:26","1","No project spacing scale; prefer matching Tailwind spacing or propose --space-*; preserve positional geometry"
"12px","height","components/screens/CandlingLogsScreen","apps/web/src/app/components/screens/CandlingLogsScreen.tsx","733:46","1","No exact role token; evaluate a component token if repeated"
"14px","size","components/screens/CandlingLogsScreen","apps/web/src/app/components/screens/CandlingLogsScreen.tsx","222:19","1","No general icon-glyph scale; propose --icon-size-* by role (status badge glyph tokens only for badge glyphs)"
"190px","min-width","components/screens/CandlingLogsScreen","apps/web/src/app/components/screens/CandlingLogsScreen.tsx","838:50","1","No exact role token; evaluate a component token if repeated"
"2.5px","width","components/screens/CandlingLogsScreen","apps/web/src/app/components/screens/CandlingLogsScreen.tsx","732:49","1","No exact role token; evaluate a component token if repeated"
"2.5px","height","components/screens/CandlingLogsScreen","apps/web/src/app/components/screens/CandlingLogsScreen.tsx","733:51","1","No exact role token; evaluate a component token if repeated"
"24px","paddingTop","components/screens/CandlingLogsScreen","apps/web/src/app/components/screens/CandlingLogsScreen.tsx","517:23","1","No project spacing scale; prefer matching Tailwind spacing or propose --space-*; preserve positional geometry"
"27px","backgroundImage","components/screens/CandlingLogsScreen","apps/web/src/app/components/screens/CandlingLogsScreen.tsx","259:80","1","No exact role token; evaluate a component token if repeated"
"28px","backgroundImage","components/screens/CandlingLogsScreen","apps/web/src/app/components/screens/CandlingLogsScreen.tsx","259:109","1","No exact role token; evaluate a component token if repeated"
"40px","min-height","components/screens/CandlingLogsScreen","apps/web/src/app/components/screens/CandlingLogsScreen.tsx","289:36","1","--control-height-toolbar; only for matching control role"
"4px","paddingBottom","components/screens/CandlingLogsScreen","apps/web/src/app/components/screens/CandlingLogsScreen.tsx","516:26","1","No project spacing scale; prefer matching Tailwind spacing or propose --space-*; preserve positional geometry"
"4px","width","components/screens/CandlingLogsScreen","apps/web/src/app/components/screens/CandlingLogsScreen.tsx","732:45","1","No exact role token; evaluate a component token if repeated"
"15px","size","components/screens/DetailScreen","apps/web/src/app/components/screens/DetailScreen.tsx","94:35; 100:34; 106:36","3","No general icon-glyph scale; propose --icon-size-* by role (status badge glyph tokens only for badge glyphs)"
"1.45 (unitless)","lineHeight","components/screens/DetailScreen","apps/web/src/app/components/screens/DetailScreen.tsx","70:15","1","No exact leading token; propose a role-based leading token if repeated"
"1.5 (unitless)","lineHeight","components/screens/DetailScreen","apps/web/src/app/components/screens/DetailScreen.tsx","348:31","1","--leading-normal"
"16px","size","components/screens/DetailScreen","apps/web/src/app/components/screens/DetailScreen.tsx","528:35","1","No general icon-glyph scale; propose --icon-size-* by role (status badge glyph tokens only for badge glyphs)"
"2px","marginTop","components/screens/DetailScreen","apps/web/src/app/components/screens/DetailScreen.tsx","71:14","1","No project spacing scale; prefer matching Tailwind spacing or propose --space-*; preserve positional geometry"
"16px","size","components/screens/IncubatorsScreen","apps/web/src/app/components/screens/IncubatorsScreen.tsx","371:21; 509:42; 511:44; 839:25; 872:25; 959:34","6","No general icon-glyph scale; propose --icon-size-* by role (status badge glyph tokens only for badge glyphs)"
"18px","width/height","components/screens/IncubatorsScreen","apps/web/src/app/components/screens/IncubatorsScreen.tsx","509:66; 511:68","2","No exact role token; evaluate a component token if repeated"
"-1rem","max-height","components/screens/IncubatorsScreen","apps/web/src/app/components/screens/IncubatorsScreen.tsx","599:160","1","No exact role token; evaluate a component token if repeated"
"1.45 (unitless)","lineHeight","components/screens/IncubatorsScreen","apps/web/src/app/components/screens/IncubatorsScreen.tsx","857:35","1","No exact leading token; propose a role-based leading token if repeated"
"100dvh","max-height","components/screens/IncubatorsScreen","apps/web/src/app/components/screens/IncubatorsScreen.tsx","599:119","1","Relative/em sizing; preserve layout or review component role"
"12px","height","components/screens/IncubatorsScreen","apps/web/src/app/components/screens/IncubatorsScreen.tsx","619:46","1","No exact role token; evaluate a component token if repeated"
"13px","size","components/screens/IncubatorsScreen","apps/web/src/app/components/screens/IncubatorsScreen.tsx","907:34","1","No general icon-glyph scale; propose --icon-size-* by role (status badge glyph tokens only for badge glyphs)"
"18px","size","components/screens/IncubatorsScreen","apps/web/src/app/components/screens/IncubatorsScreen.tsx","407:25","1","No general icon-glyph scale; propose --icon-size-* by role (status badge glyph tokens only for badge glyphs)"
"2.5px","width","components/screens/IncubatorsScreen","apps/web/src/app/components/screens/IncubatorsScreen.tsx","618:49","1","No exact role token; evaluate a component token if repeated"
"2.5px","height","components/screens/IncubatorsScreen","apps/web/src/app/components/screens/IncubatorsScreen.tsx","619:51","1","No exact role token; evaluate a component token if repeated"
"24px","paddingTop","components/screens/IncubatorsScreen","apps/web/src/app/components/screens/IncubatorsScreen.tsx","364:23","1","No project spacing scale; prefer matching Tailwind spacing or propose --space-*; preserve positional geometry"
"2px","marginTop","components/screens/IncubatorsScreen","apps/web/src/app/components/screens/IncubatorsScreen.tsx","858:34","1","No project spacing scale; prefer matching Tailwind spacing or propose --space-*; preserve positional geometry"
"4px","paddingBottom","components/screens/IncubatorsScreen","apps/web/src/app/components/screens/IncubatorsScreen.tsx","363:26","1","No project spacing scale; prefer matching Tailwind spacing or propose --space-*; preserve positional geometry"
"4px","marginTop","components/screens/IncubatorsScreen","apps/web/src/app/components/screens/IncubatorsScreen.tsx","542:28","1","No project spacing scale; prefer matching Tailwind spacing or propose --space-*; preserve positional geometry"
"4px","width","components/screens/IncubatorsScreen","apps/web/src/app/components/screens/IncubatorsScreen.tsx","618:45","1","No exact role token; evaluate a component token if repeated"
"16px","size","components/screens/OverviewScreen","apps/web/src/app/components/screens/OverviewScreen.tsx","205:33; 266:35; 803:27; 860:27","4","No general icon-glyph scale; propose --icon-size-* by role (status badge glyph tokens only for badge glyphs)"
"10px","fontSize","components/screens/OverviewScreen","apps/web/src/app/components/screens/OverviewScreen.tsx","283:101; 298:74","2","--type-label-compact; role + responsive review"
"-10px","width","components/screens/OverviewScreen","apps/web/src/app/components/screens/OverviewScreen.tsx","641:39","1","No exact role token; evaluate a component token if repeated"
"0zero","top","components/screens/OverviewScreen","apps/web/src/app/components/screens/OverviewScreen.tsx","540:32","1","Keep zero; no token needed"
"100%","width","components/screens/OverviewScreen","apps/web/src/app/components/screens/OverviewScreen.tsx","641:35","1","Relative/em sizing; preserve layout or review component role"
"10px","size","components/screens/OverviewScreen","apps/web/src/app/components/screens/OverviewScreen.tsx","293:34","1","No general icon-glyph scale; propose --icon-size-* by role (status badge glyph tokens only for badge glyphs)"
"12px","border-radius","components/screens/OverviewScreen","apps/web/src/app/components/screens/OverviewScreen.tsx","31:143","1","--radius-dialog"
"16px","marginBottom","components/screens/OverviewScreen","apps/web/src/app/components/screens/OverviewScreen.tsx","690:37","1","No project spacing scale; prefer matching Tailwind spacing or propose --space-*; preserve positional geometry"
"70px","size","components/screens/OverviewScreen","apps/web/src/app/components/screens/OverviewScreen.tsx","233:16","1","No general icon-glyph scale; propose --icon-size-* by role (status badge glyph tokens only for badge glyphs)"
"7px","width","components/screens/OverviewScreen","apps/web/src/app/components/screens/OverviewScreen.tsx","234:17","1","No exact role token; evaluate a component token if repeated"
"8px","paddingTop","components/screens/SettingsScreen","apps/web/src/app/components/screens/SettingsScreen.tsx","117:23","1","No project spacing scale; prefer matching Tailwind spacing or propose --space-*; preserve positional geometry"
"8px","backdropFilter","components/screens/SettingsScreen","apps/web/src/app/components/screens/SettingsScreen.tsx","208:37","1","No exact role token; evaluate a component token if repeated"
"16px","size","components/screens/TrendsScreen","apps/web/src/app/components/screens/TrendsScreen.tsx","758:42; 849:42; 1283:29","3","No general icon-glyph scale; propose --icon-size-* by role (status badge glyph tokens only for badge glyphs)"
"1 (SVG units)","strokeWidth","components/screens/TrendsScreen","apps/web/src/app/components/screens/TrendsScreen.tsx","1071:36; 1126:77","2","Vector stroke units; review icon stroke policy, not CSS px substitution"
"1.5 (SVG units)","strokeWidth","components/screens/TrendsScreen","apps/web/src/app/components/screens/TrendsScreen.tsx","1196:38; 1223:48","2","Vector stroke units; review icon stroke policy, not CSS px substitution"
"0.5 (SVG units)","strokeWidth","components/screens/TrendsScreen","apps/web/src/app/components/screens/TrendsScreen.tsx","1161:38","1","Vector stroke units; review icon stroke policy, not CSS px substitution"
"1.8 (SVG units)","strokeWidth","components/screens/TrendsScreen","apps/web/src/app/components/screens/TrendsScreen.tsx","1213:60","1","Vector stroke units; review icon stroke policy, not CSS px substitution"
"100%","width","components/screens/TrendsScreen","apps/web/src/app/components/screens/TrendsScreen.tsx","1033:45","1","Relative/em sizing; preserve layout or review component role"
"100%","height","components/screens/TrendsScreen","apps/web/src/app/components/screens/TrendsScreen.tsx","1033:59","1","Relative/em sizing; preserve layout or review component role"
"10px","tickMargin","components/screens/TrendsScreen","apps/web/src/app/components/screens/TrendsScreen.tsx","1089:35","1","No project spacing scale; prefer matching Tailwind spacing or propose --space-*; preserve positional geometry"
"12px","bottom","components/screens/TrendsScreen","apps/web/src/app/components/screens/TrendsScreen.tsx","1040:31","1","No project spacing scale; prefer matching Tailwind spacing or propose --space-*; preserve positional geometry"
"150px","width","components/screens/TrendsScreen","apps/web/src/app/components/screens/TrendsScreen.tsx","1304:38","1","No exact role token; evaluate a component token if repeated"
"18px","right","components/screens/TrendsScreen","apps/web/src/app/components/screens/TrendsScreen.tsx","1038:30","1","No project spacing scale; prefer matching Tailwind spacing or propose --space-*; preserve positional geometry"
"196px","min-width","components/screens/TrendsScreen","apps/web/src/app/components/screens/TrendsScreen.tsx","282:25","1","No exact role token; evaluate a component token if repeated"
"2.4 (SVG units)","strokeWidth","components/screens/TrendsScreen","apps/web/src/app/components/screens/TrendsScreen.tsx","1213:54","1","Vector stroke units; review icon stroke policy, not CSS px substitution"
"200px","width","components/screens/TrendsScreen","apps/web/src/app/components/screens/TrendsScreen.tsx","1304:60","1","No exact role token; evaluate a component token if repeated"
"220px","min-width","components/screens/TrendsScreen","apps/web/src/app/components/screens/TrendsScreen.tsx","1281:69","1","No exact role token; evaluate a component token if repeated"
"22px","left","components/screens/TrendsScreen","apps/web/src/app/components/screens/TrendsScreen.tsx","1039:44","1","No project spacing scale; prefer matching Tailwind spacing or propose --space-*; preserve positional geometry"
"24px","paddingTop","components/screens/TrendsScreen","apps/web/src/app/components/screens/TrendsScreen.tsx","616:23","1","No project spacing scale; prefer matching Tailwind spacing or propose --space-*; preserve positional geometry"
"280px","max-width","components/screens/TrendsScreen","apps/web/src/app/components/screens/TrendsScreen.tsx","245:32","1","No exact role token; evaluate a component token if repeated"
"2px","marginTop","components/screens/TrendsScreen","apps/web/src/app/components/screens/TrendsScreen.tsx","652:30","1","No project spacing scale; prefer matching Tailwind spacing or propose --space-*; preserve positional geometry"
"40px","width","components/screens/TrendsScreen","apps/web/src/app/components/screens/TrendsScreen.tsx","1095:41","1","--control-size-nav; only for square controls"
"4px","paddingBottom","components/screens/TrendsScreen","apps/web/src/app/components/screens/TrendsScreen.tsx","615:26","1","No project spacing scale; prefer matching Tailwind spacing or propose --space-*; preserve positional geometry"
"4px","left","components/screens/TrendsScreen","apps/web/src/app/components/screens/TrendsScreen.tsx","1039:40","1","No project spacing scale; prefer matching Tailwind spacing or propose --space-*; preserve positional geometry"
"4px","tickMargin","components/screens/TrendsScreen","apps/web/src/app/components/screens/TrendsScreen.tsx","1108:46","1","No project spacing scale; prefer matching Tailwind spacing or propose --space-*; preserve positional geometry"
"5%","offset","components/screens/TrendsScreen","apps/web/src/app/components/screens/TrendsScreen.tsx","1054:37","1","Relative/em sizing; preserve layout or review component role"
"72px","width","components/screens/TrendsScreen","apps/web/src/app/components/screens/TrendsScreen.tsx","1095:46","1","No exact role token; evaluate a component token if repeated"
"8px","top","components/screens/TrendsScreen","apps/web/src/app/components/screens/TrendsScreen.tsx","1037:28","1","No project spacing scale; prefer matching Tailwind spacing or propose --space-*; preserve positional geometry"
"8px","tickMargin","components/screens/TrendsScreen","apps/web/src/app/components/screens/TrendsScreen.tsx","1108:50","1","No project spacing scale; prefer matching Tailwind spacing or propose --space-*; preserve positional geometry"
"95%","offset","components/screens/TrendsScreen","apps/web/src/app/components/screens/TrendsScreen.tsx","1059:37","1","Relative/em sizing; preserve layout or review component role"
"12px","size","components/SegmentedBattery","apps/web/src/app/components/SegmentedBattery.tsx","82:36","1","No general icon-glyph scale; propose --icon-size-* by role (status badge glyph tokens only for badge glyphs)"
"2px","gap","components/SegmentedBattery","apps/web/src/app/components/SegmentedBattery.tsx","90:23","1","No project spacing scale; prefer matching Tailwind spacing or propose --space-*; preserve positional geometry"
"3px","gap","components/SegmentedBattery","apps/web/src/app/components/SegmentedBattery.tsx","73:18","1","No project spacing scale; prefer matching Tailwind spacing or propose --space-*; preserve positional geometry"
"6px","gap","components/SegmentedBattery","apps/web/src/app/components/SegmentedBattery.tsx","65:21","1","No project spacing scale; prefer matching Tailwind spacing or propose --space-*; preserve positional geometry"
"6px","width","components/SegmentedBattery","apps/web/src/app/components/SegmentedBattery.tsx","98:22","1","No exact role token; evaluate a component token if repeated"
"56px","width","components/settings/FarmAccountPanel","apps/web/src/app/components/settings/FarmAccountPanel.tsx","64:20","1","--control-size-photo; only for square controls"
"56px","height","components/settings/FarmAccountPanel","apps/web/src/app/components/settings/FarmAccountPanel.tsx","65:21","1","--control-size-photo; only for square controls"
"15px","size","components/settings/HardwarePanel","apps/web/src/app/components/settings/HardwarePanel.tsx","124:35; 126:40; 152:44; 154:35","4","No general icon-glyph scale; propose --icon-size-* by role (status badge glyph tokens only for badge glyphs)"
"14px","size","components/settings/HardwarePanel","apps/web/src/app/components/settings/HardwarePanel.tsx","336:38; 366:37","2","No general icon-glyph scale; propose --icon-size-* by role (status badge glyph tokens only for badge glyphs)"
"16px","size","components/settings/HardwarePanel","apps/web/src/app/components/settings/HardwarePanel.tsx","298:23","1","No general icon-glyph scale; propose --icon-size-* by role (status badge glyph tokens only for badge glyphs)"
"180px","width","components/settings/HardwarePanel","apps/web/src/app/components/settings/HardwarePanel.tsx","236:62","1","No exact role token; evaluate a component token if repeated"
"32px","width","components/settings/HardwarePanel","apps/web/src/app/components/settings/HardwarePanel.tsx","115:30","1","--control-size-sm; only for square controls"
"32px","height","components/settings/HardwarePanel","apps/web/src/app/components/settings/HardwarePanel.tsx","116:31","1","--control-height-compact; only for matching control role"
"14px","size","components/settings/ModeLibraryPanel","apps/web/src/app/components/settings/ModeLibraryPanel.tsx","431:25; 442:23; 452:25; 467:27; 680:42; 689:39; 698:43; 707:39","8","No general icon-glyph scale; propose --icon-size-* by role (status badge glyph tokens only for badge glyphs)"
"10px","fontSize","components/settings/ModeLibraryPanel","apps/web/src/app/components/settings/ModeLibraryPanel.tsx","575:53; 583:53; 593:25","3","--type-label-compact; role + responsive review"
"15px","size","components/settings/ModeLibraryPanel","apps/web/src/app/components/settings/ModeLibraryPanel.tsx","578:27; 586:29; 891:29","3","No general icon-glyph scale; propose --icon-size-* by role (status badge glyph tokens only for badge glyphs)"
"16px","size","components/settings/ModeLibraryPanel","apps/web/src/app/components/settings/ModeLibraryPanel.tsx","543:19; 597:25","2","No general icon-glyph scale; propose --icon-size-* by role (status badge glyph tokens only for badge glyphs)"
"200px","min-width","components/settings/ModeLibraryPanel","apps/web/src/app/components/settings/ModeLibraryPanel.tsx","541:69","1","No exact role token; evaluate a component token if repeated"
"14px","size","components/StatusBadge","apps/web/src/app/components/StatusBadge.tsx","39:19","1","No general icon-glyph scale; propose --icon-size-* by role (status badge glyph tokens only for badge glyphs)"
"17px","size","components/ToastStack","apps/web/src/app/components/ToastStack.tsx","89:30; 91:29","2","No general icon-glyph scale; propose --icon-size-* by role (status badge glyph tokens only for badge glyphs)"
"100vw","max-width","components/ToastStack","apps/web/src/app/components/ToastStack.tsx","76:61","1","Relative/em sizing; preserve layout or review component role"
"2rem","max-width","components/ToastStack","apps/web/src/app/components/ToastStack.tsx","76:67","1","--control-size-sm; only for square controls"
"3 (SVG units)","strokeWidth","components/ToastStack","apps/web/src/app/components/ToastStack.tsx","89:47","1","Vector stroke units; review icon stroke policy, not CSS px substitution"
"320px","max-width","components/ToastStack","apps/web/src/app/components/ToastStack.tsx","76:287","1","No exact role token; evaluate a component token if repeated"
"8px","transform","components/ToastStack","apps/web/src/app/components/ToastStack.tsx","108:52","1","No project spacing scale; prefer matching Tailwind spacing or propose --space-*; preserve positional geometry"
"-2rem","max-width","components/ui/alert-dialog","apps/web/src/app/components/ui/alert-dialog.tsx","57:293","1","No exact role token; evaluate a component token if repeated"
"-50%","translate-x","components/ui/alert-dialog","apps/web/src/app/components/ui/alert-dialog.tsx","57:322","1","Relative/em sizing; preserve layout or review component role"
"-50%","translate-y","components/ui/alert-dialog","apps/web/src/app/components/ui/alert-dialog.tsx","57:341","1","Relative/em sizing; preserve layout or review component role"
"100%","max-width","components/ui/alert-dialog","apps/web/src/app/components/ui/alert-dialog.tsx","57:289","1","Relative/em sizing; preserve layout or review component role"
"100dvh","max-height","components/ui/alert-dialog","apps/web/src/app/components/ui/alert-dialog.tsx","57:256","1","Relative/em sizing; preserve layout or review component role"
"2rem","max-height","components/ui/alert-dialog","apps/web/src/app/components/ui/alert-dialog.tsx","57:263","1","--control-height-compact; only for matching control role"
"50%","top","components/ui/alert-dialog","apps/web/src/app/components/ui/alert-dialog.tsx","57:218","1","Relative/em sizing; preserve layout or review component role"
"50%","left","components/ui/alert-dialog","apps/web/src/app/components/ui/alert-dialog.tsx","57:229","1","Relative/em sizing; preserve layout or review component role"
"-2rem","max-width","components/ui/dialog","apps/web/src/app/components/ui/dialog.tsx","78:293","1","No exact role token; evaluate a component token if repeated"
"-50%","translate-x","components/ui/dialog","apps/web/src/app/components/ui/dialog.tsx","78:322","1","Relative/em sizing; preserve layout or review component role"
"-50%","translate-y","components/ui/dialog","apps/web/src/app/components/ui/dialog.tsx","78:341","1","Relative/em sizing; preserve layout or review component role"
"100%","max-width","components/ui/dialog","apps/web/src/app/components/ui/dialog.tsx","78:289","1","Relative/em sizing; preserve layout or review component role"
"100dvh","max-height","components/ui/dialog","apps/web/src/app/components/ui/dialog.tsx","78:256","1","Relative/em sizing; preserve layout or review component role"
"2rem","max-height","components/ui/dialog","apps/web/src/app/components/ui/dialog.tsx","78:263","1","--control-height-compact; only for matching control role"
"50%","top","components/ui/dialog","apps/web/src/app/components/ui/dialog.tsx","78:218","1","Relative/em sizing; preserve layout or review component role"
"50%","left","components/ui/dialog","apps/web/src/app/components/ui/dialog.tsx","78:229","1","Relative/em sizing; preserve layout or review component role"
"94vw","width","components/ui/dialog","apps/web/src/app/components/ui/dialog.tsx","58:66","1","Relative/em sizing; preserve layout or review component role"
"16px","size","components/ui/filter-bar","apps/web/src/app/components/ui/filter-bar.tsx","228:30; 279:31","2","No general icon-glyph scale; propose --icon-size-* by role (status badge glyph tokens only for badge glyphs)"
"2.5 (SVG units)","strokeWidth","components/ui/filter-bar","apps/web/src/app/components/ui/filter-bar.tsx","228:47; 279:48","2","Vector stroke units; review icon stroke policy, not CSS px substitution"
"16px","size","components/ui/pagination-bar","apps/web/src/app/components/ui/pagination-bar.tsx","135:32; 152:33","2","No general icon-glyph scale; propose --icon-size-* by role (status badge glyph tokens only for badge glyphs)"
"12px","width","components/ui/pagination-bar","apps/web/src/app/components/ui/pagination-bar.tsx","89:43","1","No exact role token; evaluate a component token if repeated"
"4px","width","components/ui/pagination-bar","apps/web/src/app/components/ui/pagination-bar.tsx","89:48","1","No exact role token; evaluate a component token if repeated"
"72px","width","components/ui/pagination-bar","apps/web/src/app/components/ui/pagination-bar.tsx","108:62","1","No exact role token; evaluate a component token if repeated"
"100dvh","max-height","components/ui/popover","apps/web/src/app/components/ui/popover.tsx","33:406","1","Relative/em sizing; preserve layout or review component role"
"100vw","max-width","components/ui/popover","apps/web/src/app/components/ui/popover.tsx","33:432","1","Relative/em sizing; preserve layout or review component role"
"2rem","max-height","components/ui/popover","apps/web/src/app/components/ui/popover.tsx","33:413","1","--control-height-compact; only for matching control role"
"2rem","max-width","components/ui/popover","apps/web/src/app/components/ui/popover.tsx","33:438","1","--control-size-sm; only for square controls"
"4px","sideOffset","components/ui/popover","apps/web/src/app/components/ui/popover.tsx","23:16","1","No project spacing scale; prefer matching Tailwind spacing or propose --space-*; preserve positional geometry"
"16rem","max-height","components/ui/select","apps/web/src/app/components/ui/select.tsx","107:409","1","No exact role token; evaluate a component token if repeated"
"8rem","min-width","components/ui/select","apps/web/src/app/components/ui/select.tsx","107:469","1","No exact role token; evaluate a component token if repeated"
"-2px","translate-x","components/ui/switch","apps/web/src/app/components/ui/switch.tsx","27:240","1","No project spacing scale; prefer matching Tailwind spacing or propose --space-*; preserve positional geometry"
"1.15rem","height","components/ui/switch","apps/web/src/app/components/ui/switch.tsx","20:199","1","No exact role token; evaluate a component token if repeated"
"100%","translate-x","components/ui/switch","apps/web/src/app/components/ui/switch.tsx","27:236","1","Relative/em sizing; preserve layout or review component role"
"2px","translate-y","components/ui/table","apps/web/src/app/components/ui/table.tsx","73:180; 93:108","2","No project spacing scale; prefer matching Tailwind spacing or propose --space-*; preserve positional geometry"
"-6px","top","components/UtilityHeader","apps/web/src/app/components/UtilityHeader.tsx","30:19","1","No project spacing scale; prefer matching Tailwind spacing or propose --space-*; preserve positional geometry"
"-6px","right","components/UtilityHeader","apps/web/src/app/components/UtilityHeader.tsx","31:21","1","No project spacing scale; prefer matching Tailwind spacing or propose --space-*; preserve positional geometry"
"2 (SVG units)","strokeWidth","components/UtilityHeader","apps/web/src/app/components/UtilityHeader.tsx","25:36","1","Vector stroke units; review icon stroke policy, not CSS px substitution"
"22px","height","components/UtilityHeader","apps/web/src/app/components/UtilityHeader.tsx","32:21","1","No exact role token; evaluate a component token if repeated"
"22px","minWidth","components/UtilityHeader","apps/web/src/app/components/UtilityHeader.tsx","33:23","1","No exact role token; evaluate a component token if repeated"
"2px","border","components/UtilityHeader","apps/web/src/app/components/UtilityHeader.tsx","39:22","1","No exact border token; propose --border-width-strong for repeated 2px strokes"
"30px","size","components/UtilityHeader","apps/web/src/app/components/UtilityHeader.tsx","25:19","1","No general icon-glyph scale; propose --icon-size-* by role (status badge glyph tokens only for badge glyphs)"
"5px","padding","components/UtilityHeader","apps/web/src/app/components/UtilityHeader.tsx","34:25","1","No project spacing scale; prefer matching Tailwind spacing or propose --space-*; preserve positional geometry"
"18px","size","components/ViewToggle","apps/web/src/app/components/ViewToggle.tsx","40:25","1","No general icon-glyph scale; propose --icon-size-* by role (status badge glyph tokens only for badge glyphs)"
"2 (SVG units)","strokeWidth","components/ViewToggle","apps/web/src/app/components/ViewToggle.tsx","40:57","1","Vector stroke units; review icon stroke policy, not CSS px substitution"
"2.6 (SVG units)","strokeWidth","components/ViewToggle","apps/web/src/app/components/ViewToggle.tsx","40:51","1","Vector stroke units; review icon stroke policy, not CSS px substitution"
"1px","marginTop","components/WaterDroplet","apps/web/src/app/components/WaterDroplet.tsx","97:26; 109:26","2","No project spacing scale; prefer matching Tailwind spacing or propose --space-*; preserve positional geometry"
"1.05 (unitless)","lineHeight","components/WaterDroplet","apps/web/src/app/components/WaterDroplet.tsx","96:27","1","No exact leading token; propose a role-based leading token if repeated"
"1.1 (unitless)","lineHeight","components/WaterDroplet","apps/web/src/app/components/WaterDroplet.tsx","108:27","1","--leading-tight"
"11px","fontSize","components/WaterDroplet","apps/web/src/app/components/WaterDroplet.tsx","106:39","1","--type-label; role + responsive review"
"120px","size","components/WaterDroplet","apps/web/src/app/components/WaterDroplet.tsx","18:43","1","No general icon-glyph scale; propose --icon-size-* by role (status badge glyph tokens only for badge glyphs)"
"18px","gap","components/WaterDroplet","apps/web/src/app/components/WaterDroplet.tsx","25:15","1","No project spacing scale; prefer matching Tailwind spacing or propose --space-*; preserve positional geometry"
"100%","height","index.html","apps/web/index.html","26:35; 26:70","2","Relative/em sizing; preserve layout or review component role"
"1rem","scroll-padding-top","src/styles/index.css","apps/web/src/styles/index.css","6:23","1","No project spacing scale; prefer matching Tailwind spacing or propose --space-*; preserve positional geometry"
"1rem","scroll-padding-bottom","src/styles/index.css","apps/web/src/styles/index.css","12:28","1","No project spacing scale; prefer matching Tailwind spacing or propose --space-*; preserve positional geometry"
"1.5 (unitless)","line-height","src/styles/theme.css","apps/web/src/styles/theme.css","501:18; 507:18; 513:18; 519:18; 525:18; 531:18; 537:18","7","--leading-normal"
"100%","font-size","src/styles/theme.css","apps/web/src/styles/theme.css","495:16","1","Relative/em sizing; preserve layout or review component role"
