"size","count","categories","components"
"16px","51","font size, height, icon size, spacing/position","components/AppSidebar, components/FarmDataStatus, components/IncubatorCard, components/PageHeader, components/RawReadingsDialog, components/auth/CreateAccountScreen, components/auth/FormInput, components/auth/SignInScreen, components/detail/CandlingJournalTab, components/detail/DeviceSettingsTab, components/detail/LiveMonitorTab, components/detail/PhotoLightbox, components/screens/AlertsScreen, components/screens/CandlingLogsScreen, components/screens/DetailScreen, components/screens/IncubatorsScreen, components/screens/OverviewScreen, components/screens/TrendsScreen, components/settings/HardwarePanel, components/settings/ModeLibraryPanel, components/ui/filter-bar, components/ui/pagination-bar"
"15px","38","icon size","components/IncubatorCard, components/alerts/NotificationPopover, components/candling/EggIcons, components/detail/CandlingJournalTab, components/detail/DeviceSettingsTab, components/detail/IncubationCalendar, components/detail/LiveMonitorTab, components/detail/PhotoLightbox, components/screens/CandlingLogsScreen, components/screens/DetailScreen, components/settings/HardwarePanel, components/settings/ModeLibraryPanel"
"14px","34","font size, icon size","components/IncubatorCard, components/PowerIndicator, components/StatusBadge, components/alerts/NotificationPopover, components/auth/OnboardingStep3, components/candling/EggIcons, components/detail/CandlingJournalTab, components/detail/DeviceSettingsTab, components/detail/LiveMonitorTab, components/detail/PhotoLightbox, components/screens/AlertsScreen, components/screens/CandlingLogsScreen, components/settings/HardwarePanel, components/settings/ModeLibraryPanel"
"18px","29","font size, height, icon size, spacing/position, width","components/AppSidebar, components/HelpWidget, components/IncubatorCard, components/ViewToggle, components/WaterDroplet, components/alerts/NotificationPopover, components/auth/OnboardingStep2, components/auth/OnboardingStep3, components/detail/CandlingJournalTab, components/detail/LiveMonitorTab, components/detail/PhotoLightbox, components/screens/CandlingLogsScreen, components/screens/IncubatorsScreen, components/screens/TrendsScreen"
"2px","27","border width, font size, shadow geometry, spacing/position","components/HarvestModal, components/IncubatorCard, components/LiveDateTime, components/PageHeader, components/SegmentedBattery, components/UtilityHeader, components/alerts/NotificationPopover, components/detail/CandlingJournalTab, components/detail/Timeline, components/screens/AlertsScreen, components/screens/DetailScreen, components/screens/IncubatorsScreen, components/screens/TrendsScreen, components/ui/table"
"10px","19","font size, icon size, spacing/position","components/IncubatorCard, components/alerts/NotificationPopover, components/detail/DeviceSettingsTab, components/detail/Timeline, components/screens/AlertsScreen, components/screens/CandlingLogsScreen, components/screens/OverviewScreen, components/screens/TrendsScreen, components/settings/ModeLibraryPanel"
"4px","15","border width, spacing/position, width","components/IncubatorCard, components/PageHeader, components/alerts/NotificationPopover, components/detail/primitives, components/screens/AlertsScreen, components/screens/CandlingLogsScreen, components/screens/IncubatorsScreen, components/screens/TrendsScreen, components/ui/pagination-bar, components/ui/popover"
"12px","14","border radius, font size, height, icon size, spacing/position, width","components/IncubatorCard, components/SegmentedBattery, components/detail/CandlingJournalTab, components/detail/Timeline, components/screens/CandlingLogsScreen, components/screens/IncubatorsScreen, components/screens/OverviewScreen, components/screens/TrendsScreen, components/ui/pagination-bar"
"11px","13","font size, height, icon size, spacing/position, width","components/IncubatorCard, components/WaterDroplet, components/detail/CandlingJournalTab, components/detail/IncubationCalendar, components/detail/Timeline"
"8px","12","filter geometry, height, shadow geometry, spacing/position, width","components/AppSidebar, components/ToastStack, components/detail/CandlingJournalTab, components/detail/Timeline, components/screens/AlertsScreen, components/screens/SettingsScreen, components/screens/TrendsScreen"
"1px","11","filter geometry, font size, height, spacing/position","components/WaterDroplet, components/detail/CandlingJournalTab, components/detail/IncubationCalendar, components/detail/LiveMonitorTab"
"13px","11","height, icon size","components/detail/CandlingJournalTab, components/detail/DeviceSettingsTab, components/detail/LiveMonitorTab, components/detail/Timeline, components/screens/IncubatorsScreen"
"20px","11","icon size, spacing/position","components/AppSidebar, components/alerts/NotificationPopover, components/detail/CandlingJournalTab, components/detail/DeviceSettingsTab, components/screens/AlertsScreen"
"24px","10","icon size, spacing/position","App, components/detail/PhotoLightbox, components/icons/IconBase, components/screens/AlertsScreen, components/screens/CandlingLogsScreen, components/screens/IncubatorsScreen, components/screens/TrendsScreen"
"22px","7","height, icon size, spacing/position, width","components/AlertBanner, components/IncubatorCard, components/UtilityHeader, components/alerts/NotificationPopover, components/screens/TrendsScreen"
"2.5px","6","height, shadow geometry, width","components/detail/Timeline, components/screens/CandlingLogsScreen, components/screens/IncubatorsScreen"
"6px","5","spacing/position, width","components/IncubatorCard, components/SegmentedBattery, components/detail/CandlingJournalTab"
"40px","5","height, width","components/detail/CandlingJournalTab, components/screens/CandlingLogsScreen, components/screens/TrendsScreen"
"-6px","4","spacing/position","components/UtilityHeader, components/alerts/NotificationPopover"
"1.5px","4","border width","components/AppSidebar, components/detail/CandlingJournalTab, components/detail/Timeline"
"3px","4","border width, shadow geometry, spacing/position","components/SegmentedBattery, components/detail/CandlingJournalTab"
"7px","4","border radius, spacing/position, width","components/AppSidebar, components/detail/IncubationCalendar, components/screens/OverviewScreen"
"32px","4","height, width","components/alerts/NotificationPopover, components/settings/HardwarePanel"
"38px","4","height, spacing/position","components/detail/IncubationCalendar, components/detail/Timeline"
"58px","4","spacing/position","components/detail/Timeline"
"9px","3","font size, spacing/position","components/detail/CandlingJournalTab, components/detail/IncubationCalendar, components/detail/LiveMonitorTab"
"17px","3","icon size","components/ToastStack, components/alerts/NotificationPopover"
"28px","3","background geometry, height, width","components/detail/IncubationCalendar, components/screens/CandlingLogsScreen"
"72px","3","width","components/detail/Timeline, components/screens/TrendsScreen, components/ui/pagination-bar"
"-4px","2","spacing/position","components/alerts/NotificationPopover"
"26px","2","icon size","components/KpiCard, components/alerts/NotificationPopover"
"36px","2","height, width","components/screens/AlertsScreen"
"44px","2","height, width","components/detail/IncubationCalendar, components/screens/AlertsScreen"
"56px","2","height, width","components/settings/FarmAccountPanel"
"60px","2","height, width","components/detail/CandlingJournalTab"
"120px","2","icon size","components/Mascot, components/WaterDroplet"
"150px","2","width","components/screens/AlertsScreen, components/screens/TrendsScreen"
"155px","2","width","components/screens/CandlingLogsScreen"
"180px","2","width","components/detail/DeviceSettingsTab, components/settings/HardwarePanel"
"200px","2","width","components/screens/TrendsScreen, components/settings/ModeLibraryPanel"
"-2px","1","spacing/position","components/ui/switch"
"-10px","1","width","components/screens/OverviewScreen"
"-14px","1","spacing/position","components/AppSidebar"
"5px","1","spacing/position","components/UtilityHeader"
"27px","1","background geometry","components/screens/CandlingLogsScreen"
"30px","1","icon size","components/UtilityHeader"
"34px","1","height","components/detail/Timeline"
"48px","1","icon size","components/detail/PhotoLightbox"
"54px","1","width","components/detail/PhotoLightbox"
"64px","1","width","components/AppSidebar"
"70px","1","icon size","components/screens/OverviewScreen"
"76px","1","width","components/detail/Timeline"
"80px","1","width","components/detail/Timeline"
"88px","1","width","components/detail/Timeline"
"110px","1","width","components/detail/DeviceSettingsTab"
"116px","1","height","components/screens/CandlingLogsScreen"
"118px","1","width","components/detail/IncubationCalendar"
"165px","1","width","components/screens/AlertsScreen"
"176px","1","icon size","components/GaugeDial"
"190px","1","width","components/screens/CandlingLogsScreen"
"196px","1","width","components/screens/TrendsScreen"
"220px","1","width","components/screens/TrendsScreen"
"256px","1","width","components/AppSidebar"
"280px","1","width","components/screens/TrendsScreen"
"320px","1","width","components/ToastStack"
"340px","1","width","components/alerts/NotificationPopover"
"380px","1","height","components/alerts/NotificationPopover"
"400px","1","height","components/detail/PhotoLightbox"
"999px","1","border radius","components/detail/IncubationCalendar"
