"token","value","context","file","line","column"
"--font-display","""Baloo 2"", ui-rounded, system-ui, sans-serif",":root","apps/web/src/styles/theme.css","4","3"
"--font-body","""Nunito"", ui-rounded, system-ui, sans-serif",":root","apps/web/src/styles/theme.css","5","3"
"--type-page-title","1.5rem",":root","apps/web/src/styles/theme.css","8","3"
"--type-panel-title","1.375rem",":root","apps/web/src/styles/theme.css","9","3"
"--type-heading-lg","1.25rem",":root","apps/web/src/styles/theme.css","10","3"
"--type-heading-md","1.125rem",":root","apps/web/src/styles/theme.css","11","3"
"--type-heading-sm","1rem",":root","apps/web/src/styles/theme.css","12","3"
"--type-body","0.875rem",":root","apps/web/src/styles/theme.css","13","3"
"--type-control-value","0.875rem",":root","apps/web/src/styles/theme.css","14","3"
"--type-filter-value","var(
    --type-control-value
  )",":root","apps/web/src/styles/theme.css","15","3"
"--type-filter-label","var(
    --type-label
  )",":root","apps/web/src/styles/theme.css","18","3"
"--type-body-sm","0.8125rem",":root","apps/web/src/styles/theme.css","21","3"
"--type-caption","0.75rem",":root","apps/web/src/styles/theme.css","22","3"
"--type-label","0.6875rem",":root","apps/web/src/styles/theme.css","23","3"
"--type-label-compact","0.625rem",":root","apps/web/src/styles/theme.css","30","3"
"--type-label-micro","0.5625rem",":root","apps/web/src/styles/theme.css","31","3"
"--weight-regular","400",":root","apps/web/src/styles/theme.css","33","3"
"--weight-medium","500",":root","apps/web/src/styles/theme.css","34","3"
"--weight-semibold","600",":root","apps/web/src/styles/theme.css","35","3"
"--weight-bold","700",":root","apps/web/src/styles/theme.css","36","3"
"--weight-extrabold","800",":root","apps/web/src/styles/theme.css","37","3"
"--leading-tight","1.1",":root","apps/web/src/styles/theme.css","39","3"
"--leading-snug","1.25",":root","apps/web/src/styles/theme.css","40","3"
"--leading-normal","1.5",":root","apps/web/src/styles/theme.css","41","3"
"--leading-relaxed","1.6",":root","apps/web/src/styles/theme.css","42","3"
"--tracking-label","0.05em",":root","apps/web/src/styles/theme.css","44","3"
"--tracking-tight","-0.01em",":root","apps/web/src/styles/theme.css","45","3"
"--brand-primary","#ad3a1d",":root","apps/web/src/styles/theme.css","48","3"
"--brand-primary-hover","#8b3a1c",":root","apps/web/src/styles/theme.css","49","3"
"--brand-primary-soft","#fce4d6",":root","apps/web/src/styles/theme.css","50","3"
"--on-brand","#ffffff",":root","apps/web/src/styles/theme.css","51","3"
"--text-primary","#1a1a1a",":root","apps/web/src/styles/theme.css","53","3"
"--text-secondary","#5a4838",":root","apps/web/src/styles/theme.css","54","3"
"--text-muted","#78716c",":root","apps/web/src/styles/theme.css","55","3"
"--surface-page","#fbfaf7",":root","apps/web/src/styles/theme.css","56","3"
"--surface-card","#ffffff",":root","apps/web/src/styles/theme.css","57","3"
"--surface-subtle","#f9f6f0",":root","apps/web/src/styles/theme.css","58","3"
"--surface-muted","#f5edd8",":root","apps/web/src/styles/theme.css","59","3"
"--border-default","#e8e2d5",":root","apps/web/src/styles/theme.css","60","3"
"--border-subtle","#eae7e1",":root","apps/web/src/styles/theme.css","61","3"
"--input-border","#d8d0c0",":root","apps/web/src/styles/theme.css","62","3"
"--status-success-fg","#15803d",":root","apps/web/src/styles/theme.css","65","3"
"--status-success-bg","#dcfce7",":root","apps/web/src/styles/theme.css","66","3"
"--status-warning-fg","#b45309",":root","apps/web/src/styles/theme.css","67","3"
"--status-warning-bg","#fef3c7",":root","apps/web/src/styles/theme.css","68","3"
"--status-danger-fg","#b91c1c",":root","apps/web/src/styles/theme.css","69","3"
"--status-danger-bg","#fee2e2",":root","apps/web/src/styles/theme.css","70","3"
"--status-info-fg","#57534e",":root","apps/web/src/styles/theme.css","71","3"
"--status-info-bg","#f5f5f4",":root","apps/web/src/styles/theme.css","72","3"
"--status-icon-badge-size-sm","1.25rem",":root","apps/web/src/styles/theme.css","75","3"
"--status-icon-badge-size-md","2rem",":root","apps/web/src/styles/theme.css","76","3"
"--status-icon-badge-size-lg","3rem",":root","apps/web/src/styles/theme.css","77","3"
"--status-icon-badge-size-banner","2.5rem",":root","apps/web/src/styles/theme.css","78","3"
"--status-icon-badge-glyph-sm","0.75rem",":root","apps/web/src/styles/theme.css","79","3"
"--status-icon-badge-glyph-md","1.125rem",":root","apps/web/src/styles/theme.css","80","3"
"--status-icon-badge-glyph-lg","2.25rem",":root","apps/web/src/styles/theme.css","81","3"
"--status-icon-badge-glyph-banner","1.375rem",":root","apps/web/src/styles/theme.css","82","3"
"--status-icon-badge-fg","var(--on-brand)",":root","apps/web/src/styles/theme.css","83","3"
"--control-height-compact","2rem",":root","apps/web/src/styles/theme.css","86","3"
"--control-height-mobile","2.125rem",":root","apps/web/src/styles/theme.css","87","3"
"--control-height-default","2.25rem",":root","apps/web/src/styles/theme.css","88","3"
"--control-height-toolbar","2.5rem",":root","apps/web/src/styles/theme.css","89","3"
"--control-height-chip","1.75rem",":root","apps/web/src/styles/theme.css","90","3"
"--control-height-chip-touch","2.25rem",":root","apps/web/src/styles/theme.css","91","3"
"--control-width-filter-pill-mobile","8.5rem",":root","apps/web/src/styles/theme.css","92","3"
"--control-size-icon","2.25rem",":root","apps/web/src/styles/theme.css","93","3"
"--control-hit-area-icon","2.75rem",":root","apps/web/src/styles/theme.css","94","3"
"--mobile-bottom-nav-clearance","calc(
    4.5rem +
    env(safe-area-inset-bottom, 0px)
  )",":root","apps/web/src/styles/theme.css","95","3"
"--control-segment-height","2.25rem",":root","apps/web/src/styles/theme.css","99","3"
"--control-height-filter-row","2.75rem",":root","apps/web/src/styles/theme.css","100","3"
"--mobile-chamber-card-min-height","18.015625rem",":root","apps/web/src/styles/theme.css","101","3"
"--focus-ring-width","3px",":root","apps/web/src/styles/theme.css","104","3"
"--control-min-width-list-filter","130px",":root","apps/web/src/styles/theme.css","105","3"
"--trends-selector-width","240px",":root","apps/web/src/styles/theme.css","106","3"
"--trends-chart-height-mobile","260px",":root","apps/web/src/styles/theme.css","107","3"
"--trends-chart-height-tablet","420px",":root","apps/web/src/styles/theme.css","108","3"
"--trends-chart-height-desktop","440px",":root","apps/web/src/styles/theme.css","109","3"
"--chamber-list-height","560px",":root","apps/web/src/styles/theme.css","110","3"
"--readings-list-height","520px",":root","apps/web/src/styles/theme.css","111","3"
"--readings-table-min-width","640px",":root","apps/web/src/styles/theme.css","112","3"
"--candling-compact-card-height","58px",":root","apps/web/src/styles/theme.css","113","3"
"--monitor-summary-min-height-mobile","50px",":root","apps/web/src/styles/theme.css","114","3"
"--timeline-min-width","18.5rem",":root","apps/web/src/styles/theme.css","115","3"
"--radius-overview-card-mobile","8px",":root","apps/web/src/styles/theme.css","116","3"
"--dialog-width-fullscreen","1600px",":root","apps/web/src/styles/theme.css","117","3"
"--global-nav-selected-bg","var(--brand-primary)",":root","apps/web/src/styles/theme.css","120","3"
"--global-nav-selected-fg","var(--on-brand)",":root","apps/web/src/styles/theme.css","121","3"
"--local-nav-selected-bg","var(--brand-primary-soft)",":root","apps/web/src/styles/theme.css","122","3"
"--local-nav-selected-fg","var(--brand-primary-hover)",":root","apps/web/src/styles/theme.css","123","3"
"--nav-hover-bg","#fff7ed",":root","apps/web/src/styles/theme.css","124","3"
"--nav-hover-border","#e7d0b8",":root","apps/web/src/styles/theme.css","125","3"
"--overview-action-height-mobile","calc(
    var(--control-height-default) *
    0.75
  )",":root","apps/web/src/styles/theme.css","128","3"
"--type-body-lg","0.9375rem",":root","apps/web/src/styles/theme.css","133","3"
"--radius-chip","0.375rem",":root","apps/web/src/styles/theme.css","136","3"
"--radius-compact","0.625rem",":root","apps/web/src/styles/theme.css","137","3"
"--radius-dialog","0.75rem",":root","apps/web/src/styles/theme.css","138","3"
"--radius-card","1rem",":root","apps/web/src/styles/theme.css","139","3"
"--radius-pill","9999px",":root","apps/web/src/styles/theme.css","140","3"
"--radius-bar","0.1875rem",":root","apps/web/src/styles/theme.css","141","3"
"--shadow-card","0 2px 12px rgba(0, 0, 0, 0.04)",":root","apps/web/src/styles/theme.css","144","3"
"--shadow-lift","0 1px 3px rgba(0, 0, 0, 0.08)",":root","apps/web/src/styles/theme.css","145","3"
"--shadow-subtle","0 1px 3px rgba(0, 0, 0, 0.04)",":root","apps/web/src/styles/theme.css","146","3"
"--shadow-toast","0 8px 16px rgba(26, 21, 16, 0.32)",":root","apps/web/src/styles/theme.css","147","3"
"--shadow-accent","0 2px 6px rgba(173, 58, 29, 0.28)",":root","apps/web/src/styles/theme.css","148","3"
"--shadow-edge","0 2px 6px rgba(45, 36, 30, 0.12)",":root","apps/web/src/styles/theme.css","149","3"
"--shadow-dot","0 1px 2px rgba(139, 58, 28, 0.18)",":root","apps/web/src/styles/theme.css","150","3"
"--border-width-hairline","1px",":root","apps/web/src/styles/theme.css","153","3"
"--border-divider","#f0ede6",":root","apps/web/src/styles/theme.css","154","3"
"--border-accent","#c9b182",":root","apps/web/src/styles/theme.css","155","3"
"--tile-border-warning","#fcd34d",":root","apps/web/src/styles/theme.css","156","3"
"--tile-border-critical","#fca5a5",":root","apps/web/src/styles/theme.css","157","3"
"--surface-app","#faf6f0",":root","apps/web/src/styles/theme.css","160","3"
"--surface-tile","#f2eee5",":root","apps/web/src/styles/theme.css","161","3"
"--surface-input","#faf7f2",":root","apps/web/src/styles/theme.css","162","3"
"--surface-note","#faf9f6",":root","apps/web/src/styles/theme.css","163","3"
"--surface-selected","#fff8f5",":root","apps/web/src/styles/theme.css","164","3"
"--surface-illustration","#fffdf9",":root","apps/web/src/styles/theme.css","165","3"
"--border-illustration","#f5e6cc",":root","apps/web/src/styles/theme.css","166","3"
"--surface-warn-tile","#fffbeb",":root","apps/web/src/styles/theme.css","167","3"
"--surface-pending","#fff4d6",":root","apps/web/src/styles/theme.css","168","3"
"--surface-action-hover","#fff5f2",":root","apps/web/src/styles/theme.css","169","3"
"--surface-track","#f5efe6",":root","apps/web/src/styles/theme.css","170","3"
"--surface-count","#f4e6d5",":root","apps/web/src/styles/theme.css","171","3"
"--surface-slate","#f1f5f9",":root","apps/web/src/styles/theme.css","172","3"
"--surface-neutral","var(--status-info-bg)",":root","apps/web/src/styles/theme.css","173","3"
"--surface-tooltip","#1a1a1a",":root","apps/web/src/styles/theme.css","174","3"
"--text-strong","#3d3228",":root","apps/web/src/styles/theme.css","177","3"
"--text-farm","#6e6259",":root","apps/web/src/styles/theme.css","178","3"
"--text-note","#44403c",":root","apps/web/src/styles/theme.css","179","3"
"--text-clay","#5c4636",":root","apps/web/src/styles/theme.css","180","3"
"--text-faint","#a8a29e",":root","apps/web/src/styles/theme.css","181","3"
"--text-earth","#713016",":root","apps/web/src/styles/theme.css","182","3"
"--text-amber-deep","#92400e",":root","apps/web/src/styles/theme.css","183","3"
"--text-amber-soft","#9a6700",":root","apps/web/src/styles/theme.css","184","3"
"--text-slate","#334155",":root","apps/web/src/styles/theme.css","185","3"
"--text-slate-soft","#475569",":root","apps/web/src/styles/theme.css","186","3"
"--text-taupe","#8a6b52",":root","apps/web/src/styles/theme.css","187","3"
"--text-brand-soft","#b04e27",":root","apps/web/src/styles/theme.css","188","3"
"--text-toast","#f5f0e8",":root","apps/web/src/styles/theme.css","189","3"
"--text-toast-dim","#c9beb0",":root","apps/web/src/styles/theme.css","190","3"
"--text-on-dark-muted","rgba(255, 255, 255, 0.75)",":root","apps/web/src/styles/theme.css","191","3"
"--icon-info","#0284c7",":root","apps/web/src/styles/theme.css","192","3"
"--status-success-deep","#166534",":root","apps/web/src/styles/theme.css","195","3"
"--status-success-strong","#065f46",":root","apps/web/src/styles/theme.css","196","3"
"--status-danger-strong","#991b1b",":root","apps/web/src/styles/theme.css","197","3"
"--status-offline-fg","#c5221f",":root","apps/web/src/styles/theme.css","198","3"
"--status-offline-bg","#fce8e6",":root","apps/web/src/styles/theme.css","199","3"
"--badge-alert-bg","#d92b0f",":root","apps/web/src/styles/theme.css","200","3"
"--track-gauge","#ece6d9",":root","apps/web/src/styles/theme.css","203","3"
"--track-battery","#e3dccc",":root","apps/web/src/styles/theme.css","204","3"
"--toast-bg","#1a1510",":root","apps/web/src/styles/theme.css","207","3"
"--toast-success","#93b58c",":root","apps/web/src/styles/theme.css","208","3"
"--toast-neutral","var(--text-toast-dim)",":root","apps/web/src/styles/theme.css","209","3"
"--overlay-bg","#141210",":root","apps/web/src/styles/theme.css","212","3"
"--overlay-border","rgba(255, 255, 255, 0.12)",":root","apps/web/src/styles/theme.css","213","3"
"--overlay-fg","#e7e5e4",":root","apps/web/src/styles/theme.css","214","3"
"--overlay-muted","var(--text-faint)",":root","apps/web/src/styles/theme.css","215","3"
"--control-size-xs","1.75rem",":root","apps/web/src/styles/theme.css","218","3"
"--control-size-sm","2rem",":root","apps/web/src/styles/theme.css","219","3"
"--control-size-nav","2.5rem",":root","apps/web/src/styles/theme.css","220","3"
"--control-size-lg","3.25rem",":root","apps/web/src/styles/theme.css","221","3"
"--control-height-pill","1.5rem",":root","apps/web/src/styles/theme.css","222","3"
"--progress-thickness","0.375rem",":root","apps/web/src/styles/theme.css","223","3"
"--battery-bar-height","0.875rem",":root","apps/web/src/styles/theme.css","224","3"
"--dialog-width-narrow","25rem",":root","apps/web/src/styles/theme.css","227","3"
"--dialog-width-wide","37.5rem",":root","apps/web/src/styles/theme.css","228","3"
"--dialog-height-max","88vh",":root","apps/web/src/styles/theme.css","229","3"
"--control-size-photo","3.5rem",":root","apps/web/src/styles/theme.css","230","3"
"--wash-checkbox","rgba(138, 107, 82, 0.4)",":root","apps/web/src/styles/theme.css","231","3"
"--auth-card-width","27.5rem",":root","apps/web/src/styles/theme.css","232","3"
"--progress-stroke","#c27b4a",":root","apps/web/src/styles/theme.css","236","3"
"--text-bark","#9a4a2a",":root","apps/web/src/styles/theme.css","237","3"
"--text-neutral-cool","#6b7280",":root","apps/web/src/styles/theme.css","238","3"
"--text-neutral-deep","#525252",":root","apps/web/src/styles/theme.css","239","3"
"--text-ember","#c2410c",":root","apps/web/src/styles/theme.css","240","3"
"--text-slate-cool","#64748b",":root","apps/web/src/styles/theme.css","241","3"
"--text-caramel","#8a4b08",":root","apps/web/src/styles/theme.css","242","3"
"--text-amber-strong","#713f12",":root","apps/web/src/styles/theme.css","243","3"
"--accent-gold","#f2c94c",":root","apps/web/src/styles/theme.css","244","3"
"--icon-earth","#9e8b72",":root","apps/web/src/styles/theme.css","245","3"
"--legend-amber","#d97706",":root","apps/web/src/styles/theme.css","246","3"
"--legend-green","#16a34a",":root","apps/web/src/styles/theme.css","247","3"
"--surface-peach","#fdf0e6",":root","apps/web/src/styles/theme.css","248","3"
"--border-peach","#e8d5c2",":root","apps/web/src/styles/theme.css","249","3"
"--surface-mint","#f0fdf4",":root","apps/web/src/styles/theme.css","250","3"
"--border-mint","#bbf7d0",":root","apps/web/src/styles/theme.css","251","3"
"--surface-blush","#fef2f2",":root","apps/web/src/styles/theme.css","252","3"
"--border-blush","#fecaca",":root","apps/web/src/styles/theme.css","253","3"
"--surface-mist","#f8faf9",":root","apps/web/src/styles/theme.css","254","3"
"--border-mist","#dce7e2",":root","apps/web/src/styles/theme.css","255","3"
"--surface-slate-light","#f8fafc",":root","apps/web/src/styles/theme.css","256","3"
"--border-slate-light","#e2e8f0",":root","apps/web/src/styles/theme.css","257","3"
"--border-amber-soft","#fde68a",":root","apps/web/src/styles/theme.css","258","3"
"--surface-honey","#fff8e1",":root","apps/web/src/styles/theme.css","259","3"
"--surface-amber-pale","#fff8e7",":root","apps/web/src/styles/theme.css","260","3"
"--surface-amber-wash","#fff0d6",":root","apps/web/src/styles/theme.css","261","3"
"--surface-porcelain","#fcfaf6",":root","apps/web/src/styles/theme.css","262","3"
"--surface-oat","#f4ece1",":root","apps/web/src/styles/theme.css","263","3"
"--border-oat","#e5dacb",":root","apps/web/src/styles/theme.css","264","3"
"--border-clay","rgba(120, 53, 15, 0.2)",":root","apps/web/src/styles/theme.css","265","3"
"--surface-stone","#e4dcd3",":root","apps/web/src/styles/theme.css","266","3"
"--border-stone","#d1c7bd",":root","apps/web/src/styles/theme.css","267","3"
"--surface-fog","#f5f4f0",":root","apps/web/src/styles/theme.css","268","3"
"--surface-paper","#fafaf9",":root","apps/web/src/styles/theme.css","269","3"
"--surface-hover-cream","#faf6ee",":root","apps/web/src/styles/theme.css","270","3"
"--surface-import","#fbf6e7",":root","apps/web/src/styles/theme.css","271","3"
"--border-preview","#e9ded1",":root","apps/web/src/styles/theme.css","272","3"
"--border-sand","#efe9dc",":root","apps/web/src/styles/theme.css","273","3"
"--swatch-clay","#e3a16f",":root","apps/web/src/styles/theme.css","274","3"
"--swatch-sand","#e9c27e",":root","apps/web/src/styles/theme.css","275","3"
"--chart-grid","#ece9e2",":root","apps/web/src/styles/theme.css","276","3"
"--wash-brand-soft","rgba(173, 58, 29, 0.12)",":root","apps/web/src/styles/theme.css","277","3"
"--wash-brand-10","rgba(200, 90, 50, 0.1)",":root","apps/web/src/styles/theme.css","278","3"
"--wash-brand-12","rgba(200, 90, 50, 0.12)",":root","apps/web/src/styles/theme.css","279","3"
"--wash-white-60","rgba(255, 255, 255, 0.6)",":root","apps/web/src/styles/theme.css","280","3"
"--tint-on-brand","rgba(255, 255, 255, 0.18)",":root","apps/web/src/styles/theme.css","281","3"
"--border-ink-soft","rgba(0, 0, 0, 0.08)",":root","apps/web/src/styles/theme.css","282","3"
"--scrim-card","rgba(255, 255, 255, 0.92)",":root","apps/web/src/styles/theme.css","283","3"
"--radius-mini","0.25rem",":root","apps/web/src/styles/theme.css","284","3"
"--dot-size","0.375rem",":root","apps/web/src/styles/theme.css","285","3"
"--measure-auth","21.25rem",":root","apps/web/src/styles/theme.css","286","3"
"--status-success-pale","#d1fae5",":root","apps/web/src/styles/theme.css","287","3"
"--border-ink","rgba(0, 0, 0, 0.12)",":root","apps/web/src/styles/theme.css","288","3"
"--wash-alert","rgba(203, 96, 54, 0.12)",":root","apps/web/src/styles/theme.css","289","3"
"--wash-taupe","rgba(138, 107, 82, 0.12)",":root","apps/web/src/styles/theme.css","290","3"
"--dot-idle","#d5cabe",":root","apps/web/src/styles/theme.css","291","3"
"--dot-width-current","1rem",":root","apps/web/src/styles/theme.css","292","3"
"--status-hatch-bg","#e6f4ea",":root","apps/web/src/styles/theme.css","293","3"
"--status-hatch-fg","#137333",":root","apps/web/src/styles/theme.css","294","3"
"--status-flight-bg","#e8f0fe",":root","apps/web/src/styles/theme.css","295","3"
"--status-flight-fg","#1967d2",":root","apps/web/src/styles/theme.css","296","3"
"--status-idle-bg","#f1f3f4",":root","apps/web/src/styles/theme.css","297","3"
"--status-idle-fg","#5f6368",":root","apps/web/src/styles/theme.css","298","3"
"--text-gray-cool","#9ca3af",":root","apps/web/src/styles/theme.css","299","3"
"--surface-help","#fff8f1",":root","apps/web/src/styles/theme.css","300","3"
"--surface-help-hover","#f2e8dc",":root","apps/web/src/styles/theme.css","301","3"
"--border-help","#e8ded1",":root","apps/web/src/styles/theme.css","302","3"
"--border-help-soft","#efe7dc",":root","apps/web/src/styles/theme.css","303","3"
"--border-help-row","#eae2d8",":root","apps/web/src/styles/theme.css","304","3"
"--text-help","#3f342c",":root","apps/web/src/styles/theme.css","305","3"
"--shadow-float","0 18px 45px rgba(45, 26, 14, 0.18)",":root","apps/web/src/styles/theme.css","306","3"
"--shadow-bubble","0 8px 24px rgba(45, 26, 14, 0.18)",":root","apps/web/src/styles/theme.css","307","3"
"--background","var(--surface-page)",":root","apps/web/src/styles/theme.css","310","3"
"--foreground","var(--text-primary)",":root","apps/web/src/styles/theme.css","311","3"
"--card","var(--surface-card)",":root","apps/web/src/styles/theme.css","312","3"
"--card-foreground","var(--text-primary)",":root","apps/web/src/styles/theme.css","313","3"
"--popover","var(--surface-card)",":root","apps/web/src/styles/theme.css","314","3"
"--popover-foreground","var(--text-primary)",":root","apps/web/src/styles/theme.css","315","3"
"--transition-interactive","border-color 0.15s ease, background-color 0.15s ease",":root","apps/web/src/styles/theme.css","317","3"
"--button-danger-border","#c2410c",":root","apps/web/src/styles/theme.css","320","3"
"--button-danger-fg","#9a3412",":root","apps/web/src/styles/theme.css","321","3"
"--z-sunken","2",":root","apps/web/src/styles/theme.css","323","3"
"--z-low","3",":root","apps/web/src/styles/theme.css","324","3"
"--z-raised","5",":root","apps/web/src/styles/theme.css","325","3"
"--z-above","10",":root","apps/web/src/styles/theme.css","326","3"
"--z-overlay","20",":root","apps/web/src/styles/theme.css","327","3"
"--z-top","30",":root","apps/web/src/styles/theme.css","328","3"
"--pill-padding","0.25rem 0.625rem",":root","apps/web/src/styles/theme.css","330","3"
"--list-row-padding","1rem 1.25rem 1rem 1rem",":root","apps/web/src/styles/theme.css","331","3"
"--primary","var(--brand-primary)",":root","apps/web/src/styles/theme.css","332","3"
"--primary-foreground","var(--on-brand)",":root","apps/web/src/styles/theme.css","333","3"
"--secondary","#efe1b7",":root","apps/web/src/styles/theme.css","334","3"
"--secondary-foreground","#2d1a0e",":root","apps/web/src/styles/theme.css","335","3"
"--muted","var(--surface-muted)",":root","apps/web/src/styles/theme.css","336","3"
"--muted-foreground","var(--text-secondary)",":root","apps/web/src/styles/theme.css","337","3"
"--accent","#d8be65",":root","apps/web/src/styles/theme.css","338","3"
"--accent-foreground","var(--secondary-foreground)",":root","apps/web/src/styles/theme.css","339","3"
"--destructive","var(--status-danger-fg)",":root","apps/web/src/styles/theme.css","340","3"
"--destructive-foreground","var(--on-brand)",":root","apps/web/src/styles/theme.css","341","3"
"--border","var(--wash-brand-soft)",":root","apps/web/src/styles/theme.css","342","3"
"--input","transparent",":root","apps/web/src/styles/theme.css","343","3"
"--input-background","var(--surface-muted)",":root","apps/web/src/styles/theme.css","344","3"
"--switch-background","#d8c9a0",":root","apps/web/src/styles/theme.css","345","3"
"--ring","#cb6036",":root","apps/web/src/styles/theme.css","346","3"
"--chart-1","var(--chart-series-1)",":root","apps/web/src/styles/theme.css","347","3"
"--chart-2","var(--chart-series-2)",":root","apps/web/src/styles/theme.css","348","3"
"--chart-3","var(--chart-series-3)",":root","apps/web/src/styles/theme.css","349","3"
"--chart-4","var(--chart-series-4)",":root","apps/web/src/styles/theme.css","350","3"
"--chart-5","var(--chart-series-5)",":root","apps/web/src/styles/theme.css","351","3"
"--chart-target-band","var(--legend-green)",":root","apps/web/src/styles/theme.css","352","3"
"--radius","1rem",":root","apps/web/src/styles/theme.css","353","3"
"--sidebar","var(--surface-card)",":root","apps/web/src/styles/theme.css","354","3"
"--sidebar-foreground","var(--text-primary)",":root","apps/web/src/styles/theme.css","355","3"
"--sidebar-primary","var(--brand-primary)",":root","apps/web/src/styles/theme.css","356","3"
"--sidebar-primary-foreground","var(--on-brand)",":root","apps/web/src/styles/theme.css","357","3"
"--sidebar-accent","var(--surface-muted)",":root","apps/web/src/styles/theme.css","358","3"
"--sidebar-accent-foreground","var(--text-primary)",":root","apps/web/src/styles/theme.css","359","3"
"--sidebar-border","var(--wash-brand-soft)",":root","apps/web/src/styles/theme.css","360","3"
"--sidebar-ring","var(--ring)",":root","apps/web/src/styles/theme.css","361","3"
"--chart-series-1","#3e5c76",":root","apps/web/src/styles/theme.css","365","3"
"--chart-series-2","#4f7c82",":root","apps/web/src/styles/theme.css","366","3"
"--chart-series-3","#7b5d78",":root","apps/web/src/styles/theme.css","367","3"
"--chart-series-4","#675a8c",":root","apps/web/src/styles/theme.css","368","3"
"--chart-series-5","#9a6b50",":root","apps/web/src/styles/theme.css","369","3"
"--chart-series-6","#66806a",":root","apps/web/src/styles/theme.css","370","3"
"--chart-series-7","#466b8a",":root","apps/web/src/styles/theme.css","371","3"
"--chart-series-8","#6f8488",":root","apps/web/src/styles/theme.css","372","3"
"--chart-series-9","#936d85",":root","apps/web/src/styles/theme.css","373","3"
"--chart-series-10","#7f74a8",":root","apps/web/src/styles/theme.css","374","3"
"--chart-series-11","#a0826b",":root","apps/web/src/styles/theme.css","375","3"
"--chart-series-12","#77906f",":root","apps/web/src/styles/theme.css","376","3"
"--type-page-title","1.25rem","@media (max-width: 39.9375rem) / :root","apps/web/src/styles/theme.css","385","5"
"--type-panel-title","1.125rem","@media (max-width: 39.9375rem) / :root","apps/web/src/styles/theme.css","386","5"
"--type-heading-lg","1.125rem","@media (max-width: 39.9375rem) / :root","apps/web/src/styles/theme.css","387","5"
"--type-heading-md","1rem","@media (max-width: 39.9375rem) / :root","apps/web/src/styles/theme.css","388","5"
"--type-heading-sm","0.875rem","@media (max-width: 39.9375rem) / :root","apps/web/src/styles/theme.css","389","5"
"--type-body-lg","0.8125rem","@media (max-width: 39.9375rem) / :root","apps/web/src/styles/theme.css","390","5"
"--type-body","0.75rem","@media (max-width: 39.9375rem) / :root","apps/web/src/styles/theme.css","391","5"
"--type-control-value","0.75rem","@media (max-width: 39.9375rem) / :root","apps/web/src/styles/theme.css","392","5"
"--type-body-sm","0.6875rem","@media (max-width: 39.9375rem) / :root","apps/web/src/styles/theme.css","393","5"
"--type-caption","0.625rem","@media (max-width: 39.9375rem) / :root","apps/web/src/styles/theme.css","394","5"
"--type-label","0.5625rem","@media (max-width: 39.9375rem) / :root","apps/web/src/styles/theme.css","395","5"
"--type-label-compact","0.5rem","@media (max-width: 39.9375rem) / :root","apps/web/src/styles/theme.css","396","5"
"--type-label-micro","0.5rem","@media (max-width: 39.9375rem) / :root","apps/web/src/styles/theme.css","397","5"
"--type-filter-value","0.75rem","@media (min-width: 48rem) and (max-width: 63.9375rem) / :root","apps/web/src/styles/theme.css","404","5"
"--type-filter-value","0.625rem","@media (max-width: 47.9375rem) / :root","apps/web/src/styles/theme.css","411","5"
"--type-filter-label","0.625rem","@media (max-width: 47.9375rem) / :root","apps/web/src/styles/theme.css","412","5"
"--color-background","var(--background)","@theme inline","apps/web/src/styles/theme.css","417","3"
"--color-foreground","var(--foreground)","@theme inline","apps/web/src/styles/theme.css","418","3"
"--color-card","var(--card)","@theme inline","apps/web/src/styles/theme.css","419","3"
"--color-card-foreground","var(--card-foreground)","@theme inline","apps/web/src/styles/theme.css","420","3"
"--color-popover","var(--popover)","@theme inline","apps/web/src/styles/theme.css","421","3"
"--color-popover-foreground","var(--popover-foreground)","@theme inline","apps/web/src/styles/theme.css","422","3"
"--color-primary","var(--primary)","@theme inline","apps/web/src/styles/theme.css","423","3"
"--color-primary-foreground","var(--primary-foreground)","@theme inline","apps/web/src/styles/theme.css","424","3"
"--color-secondary","var(--secondary)","@theme inline","apps/web/src/styles/theme.css","425","3"
"--color-secondary-foreground","var(--secondary-foreground)","@theme inline","apps/web/src/styles/theme.css","426","3"
"--color-muted","var(--muted)","@theme inline","apps/web/src/styles/theme.css","427","3"
"--color-muted-foreground","var(--muted-foreground)","@theme inline","apps/web/src/styles/theme.css","428","3"
"--color-accent","var(--accent)","@theme inline","apps/web/src/styles/theme.css","429","3"
"--color-accent-foreground","var(--accent-foreground)","@theme inline","apps/web/src/styles/theme.css","430","3"
"--color-destructive","var(--destructive)","@theme inline","apps/web/src/styles/theme.css","431","3"
"--color-destructive-foreground","var(--destructive-foreground)","@theme inline","apps/web/src/styles/theme.css","432","3"
"--color-border","var(--border)","@theme inline","apps/web/src/styles/theme.css","433","3"
"--color-input","var(--input)","@theme inline","apps/web/src/styles/theme.css","434","3"
"--color-input-background","var(--input-background)","@theme inline","apps/web/src/styles/theme.css","435","3"
"--color-switch-background","var(--switch-background)","@theme inline","apps/web/src/styles/theme.css","436","3"
"--color-ring","var(--ring)","@theme inline","apps/web/src/styles/theme.css","437","3"
"--color-chart-1","var(--chart-1)","@theme inline","apps/web/src/styles/theme.css","438","3"
"--color-chart-2","var(--chart-2)","@theme inline","apps/web/src/styles/theme.css","439","3"
"--color-chart-3","var(--chart-3)","@theme inline","apps/web/src/styles/theme.css","440","3"
"--color-chart-4","var(--chart-4)","@theme inline","apps/web/src/styles/theme.css","441","3"
"--color-chart-5","var(--chart-5)","@theme inline","apps/web/src/styles/theme.css","442","3"
"--radius-sm","calc(var(--radius) - 4px)","@theme inline","apps/web/src/styles/theme.css","443","3"
"--radius-md","calc(var(--radius) - 2px)","@theme inline","apps/web/src/styles/theme.css","444","3"
"--radius-lg","var(--radius)","@theme inline","apps/web/src/styles/theme.css","445","3"
"--radius-xl","calc(var(--radius) + 4px)","@theme inline","apps/web/src/styles/theme.css","446","3"
"--color-sidebar","var(--sidebar)","@theme inline","apps/web/src/styles/theme.css","447","3"
"--color-sidebar-foreground","var(--sidebar-foreground)","@theme inline","apps/web/src/styles/theme.css","448","3"
"--color-sidebar-primary","var(--sidebar-primary)","@theme inline","apps/web/src/styles/theme.css","449","3"
"--color-sidebar-primary-foreground","var(--sidebar-primary-foreground)","@theme inline","apps/web/src/styles/theme.css","450","3"
"--color-sidebar-accent","var(--sidebar-accent)","@theme inline","apps/web/src/styles/theme.css","451","3"
"--color-sidebar-accent-foreground","var(--sidebar-accent-foreground)","@theme inline","apps/web/src/styles/theme.css","452","3"
"--color-sidebar-border","var(--sidebar-border)","@theme inline","apps/web/src/styles/theme.css","453","3"
"--color-sidebar-ring","var(--sidebar-ring)","@theme inline","apps/web/src/styles/theme.css","454","3"
